,2000-08
2000-08-02_33,"

房貸保險提振房市
建築業認無濟於事

【（記者宋健生╱台中）
】

財政部初步規劃由政府以信用保證貸款或房貸保險方式，降低購屋人自備款負擔，房地產業界昨（1）日提出批評，認為此舉無濟於事，新政府應該要有更全面的優惠融資機制，才能為住宅市場注入強心針。目前同時擔任立法委員的台中銘陽建設董事長黃顯洲，呼應台灣省建築投資公會的建議，要求政府取消以身分做為購屋優惠貸款的作法，建立以所得高低決定補助對象的購屋補貼機制，並協助建築業取得融資。行政院長唐飛明天將在台中，邀請全國房地產業者座談，研商振興房地產對策，包括中央銀行總裁彭淮南、財政部長許嘉棟等人都將參加。黃顯洲表示，他在會中向政府提出振興房地產建言。

【2000-08-02/經濟日報/6版/金融財務】

"
2000-08-03_28,"

政府釋利多 建商憂喜兩極
樂觀╱競爭力強產品可熱銷
   悲觀╱購屋者若繳不出房貸斷頭 恐有金融社會問題


【記者葛珮育╱台北報導】

優惠房貸政策細節未定，消息曝光以來對政策最樂觀的就屬建築投資業者，無視於市場上的餘屋，建商認為競爭力強的產品可望進入一波熱銷期。優惠房貸政策的申貸資格與利率計算等細節未定，粗估可能去化十多萬戶餘屋，中華民國不動產經紀人協會理事長彭培業表示，優惠房貸和房貸保證制度，誠然是不錯的振興方案，但希望能擴大到全面的房屋市場，而不是針對新成屋，否則就失去了振興傳統產業的意義，無法達到活絡國家經濟的目的。【記者吳雯雯╱台北報導】行政院提出新版「振興房市方案」，擬運用房貸保證保險制度，將購屋人的自備款三成降至一成，減輕其籌措自備款的壓力；房地場市場人士指出，如果沒有完整的配套措施，本方案可能會變成「先甘後苦」，原本自備款不足的年輕人可能面臨「很容易買得起房子，但付不起房貸」窘境。房地產市場人士指出，如果沒有完整的配套措施，原本自備款不足的年輕人很容易買得起房子，卻付不起每月房貸，屆時「斷頭」又將房子套給銀行，可能造成另外的社會及金融問題。

【2000-08-03/聯合報/21版/財經焦點】

"
2000-08-03_39,"

《地方公論》
危樓待拆



九二一大地震已過十個月，縣境因震災受損但未拆除的「危樓」多達卅六棟，原因在住戶意見各異，拆除或修繕延宕難解；政府為提振房屋市場，特推出購屋自備款將降為一成的大利多的同時，似乎更應關心災區危樓的整建，儘速設置基金收購危樓土地，以利災民安居樂業。百年罕見的九二一強震之後，餘震不斷，而且規模都不小。山城至少有卅六棟沒被震毀的公寓大樓，其中十九棟存在拆除或修繕爭議，除了屋主著急，附近的厝邊更是日夜擔心，不知道「危鄰」何時倒塌，那種恐懼只有當事人點滴在心頭。南投縣府建管課則像夾心餅乾，兩面都不是人：危樓附近的居民質疑縣府「袒護」不願拆除的住戶；有些大樓雖然多數住戶想拆，但建商卻向縣府提出修繕計畫；有的則因住戶意見分歧，部分主張要拆，部分認為修繕即可，使得縣府莫衷一是。其實，縣府限於法令，必須考慮人民私產，只能在大樓住戶決議拆除，才能公告執行。但根本解決之道，有賴政府比照釋放房市利多，為災民儘快設置循環基金，收購不願重建的大樓住戶土地，配合銀行承受大樓建築物貸款，雙管齊下，方能解決縣內危樓問題。

【2000-08-03/聯合報/18版/南投縣新聞】

"
2000-08-04_54,"

嘉義防震別墅 當紅

【記者王瑞堂╱嘉義】

「921」、「1022」地震後，嘉義地區預售屋市場逐漸颳起「防震別墅」風，強調防震的透天別墅，在地震後推出，引起不少購屋者青睞。宏都建設公司就有一個類近預售案，逆勢操作，順利出清。去年9月21日南投縣集集大地震，造成慘重傷亡。許多人看到大樓倒地或折損，怵目驚心，對大樓預售屋商品，缺乏信心。嘉義地區在去年10月22日，也遭受強震衝擊，雖然沒有造成嚴重損傷，房屋市場的消費形態，出現明顯變化。例如，大樓住宅或店面，更不易成交;即使成交，房價也是普遍下滑。透天厝的買氣就相對熱絡。建設公司業者抓住這種消費心理演變趨勢，以防震、耐震為主要訴求，推出所謂的「防震別墅」，立即受到不少購屋者青睞。嘉義市宏都建設的「世紀極品」就是具體例證。26戶的透天別墅，在「921」後逆勢推出，收到clean(出清)成績單，不僅出乎宏都的預測，許多建築業者也都嘖嘖稱奇。宏都認為這種消費趨勢，在嘉義地區短期內不易改變，決定如法泡製在嘉義市世賢路及新民路口，推出「新巢主義」透天別墅預售案，預計今年8月進場。宏都建設業務經理滕新富表示，今年8月雖然碰到農曆7月，宏都還是決定進場銷售「新巢主義」預售屋案。主要原因是嘉義地區透天別墅買賣，有升溫現象。尤其是以防震、耐震為重點訴求的透天厝商品，更是不乏買氣。滕新富說，嘉義地區預售屋市場，沈寂已久。宏都「世紀極品」預售屋銷售成果，成為許多同業仿效對象。預估到今年底，嘉義地區透天厝預售案總數，可望超過十個。大樓預售案，可能還是會掛零。房價方面，業者普遍刻意壓低售價，吸引買氣，也是造成透天厝別墅成交比率上升重要因素。業者估計，目前嘉義市郊透天別墅主流商品總價，大致介於500萬至600萬元間，比房價高峰期，平均滑落100萬元左右。

【2000-08-04/經濟日報/38版/商業脈動】

"
2000-08-05_2,"

宏都下月在嘉義推案

【記者王瑞堂╱嘉義）
】

宏都建設公司為衝刺業績，今年下半年將加快推案腳步，繼嘉義市世賢路「新巢主義」預售屋案之後，預計下個月再於嘉義市後火車區推出一個預售屋案。宏都為嘉義地區第一家股票上櫃的建設公司，負責人陳弘毅曾任嘉義市建築投資公會理事長，為嘉義地區建築業界名人。受到景氣低迷及地震衝擊，房屋買氣疲弱，宏都業績下滑，去年營收7億餘元，今年目標訂為4.7億元。前六月實際營收約1.3億元，目標達成率約27.6%。去年推出的「世紀極品」別墅預售案，銷售情況良好，今年10月左右可望完工交屋，近2億元房屋款將於今年底前陸續入帳。另外宏都下半年度推新預售屋案的腳步也將加快。除了已在嘉義市世賢路與新民路口推出「新巢主義」別墅預售案，也積極籌劃在嘉義市後火車站區推出新預售屋案。這兩個預售屋案均屬小型，合計可銷售金額約2億餘元。宏都為降低推案風險，計畫將腳步跨出嘉義，正在台北市北投、木柵等地區洽商取得建地，建屋出售。宏都認為，嘉義地區房屋市場，大樓產品交投遲滯，強調抗震、耐震的透天房屋，還是有買氣。宏都在地方具有高知名度，形象口碑也較突出，在合適地段推出耐震訴求的高品質透天厝，應該可以快速吸引買氣。宏都今年第一季止每股淨值12餘元，上半年財務報表未經會計師簽證，內部高層主管認為每股淨值不會低於10元。

【2000-08-05/經濟日報/21版/店頭市場2】

"
2000-08-07_24,"

振興房市方案下午提出
優惠房貸 擬限無自宅者

避免建商利用人頭浮貸 本人、配偶及未成年子女名下無屋者才能優貸


【本報記者╱台北報導
】

財政部和中央銀行今天早上就振興房市房屋貸款討論，兩部會達成共識，為避免建商利用人頭浮濫貸款，財部、央行研擬對補貼利息房貸採限制條件，本人、配偶及未成年子女名下無房屋者得以適用。政院下午召開會議討論振興房市方案，方案中最受矚目即為由政府補貼利息，利率僅5.5%的優惠房貸。由於蕭內閣時代推出的5.5%優惠房貸未限制無自用住宅購屋條件，導致建商利用人頭向銀行貸款，易生弊端，同時，財部和央行兩部會也擔心，如果毫無限制，將影響未來兩年房屋市場的正常需求，延長房市的不景氣時間，因此兩部會將向行政院建議，由政府補貼利息的優惠房貸，將增列無自用住宅購屋條件。  記者陳雲上╱台北報導行政院下午公布「振興房地產市場方案」。不過，直至上午為止，央行、財政部仍為應提撥多少金額，遲遲未作決定。財政部長許嘉棟上午10點特別率領財政部一級主管趕赴央行，和央行總裁彭淮南等共謀最後方案，原則上央行提撥的金額將低於3000億元，優惠利率將以5.5%計算，由政府補貼0.85個百分點。行政院下午將公布振興房市方案，但財政部、央行上午口徑一致，對於尚未確定的方案，一律三緘其口、一問三不知。但依照目前初步構想，陳水扁總統競選時的「青年低利優惠貸款」支票和行政院長唐飛承諾房地產業者的「一般優惠房貸」兩案，將併呈一併推出，其中青年貸款對象，為20至40歲以下年輕人，利率為3%，最高申貸額度為1萬戶，政府一年補貼利息為10億元。「一般優惠房貸」利率以郵儲定存利率加一個百分點，6.35%承貸，但政府負擔0.85%利息補貼，實際申貸者負擔為5.5%，其中台北市民最高優惠額度為250萬元、台北市以外額度為200萬元。  記者高凌雲╱台北報導行政院今天下午由行政院長唐飛親自主持跨部會政務會談，討論提振房地產市場方案。行政院官員表示，目前行政院立場傾向以青年首次購屋低利貸款3%方案為主，青年首購房貸保證制度及優惠房貸政策為輔。但最後仍要討論後，經由唐飛做定案。

【2000-08-07/聯合晚報/2版/話題新聞】

"
2000-08-07_43,"

《社論》
振興房地產市場不能飲鴆止渴


行政院長唐飛日前表示，政府刻正考慮以3,000億元為額度，規劃提出5.5%的優惠房屋貸款利率補貼措施，做為振興國內房地產業的重要手段。這項消息披露以後，似乎得到不少業者的肯定和支持，但也引起若干質疑。我們認為，行政院的這項優惠房貸措施，大體承襲去年初蕭萬長內閣時代的1,500億元優惠房貸方案，只是規模加倍而已。值得注意的是，蕭前內閣的1,500億元優惠房貸措施，並未使當時的房地產市場因而振衰起敝。如今重施故技是否足以奏效，的確值得探究。其實，國內房地產市場供過於求，以及餘屋始終去化不完的因素，可以分別從長、短期方面加以分析。就長期因素而言，這波房地產市場不景氣，已經延續十年之久，可說是國內房地產景氣循環中，從未出現的長期不景氣現象。究其原因，固然和台灣省實施容積管制，造成建築商持續搶建有關。更重要的原因，應該是過去十年來，營建業上市、上櫃公司暴增。這些公司不斷以增加推案方式，創造未實現盈餘，做為增資配股與拉抬股價的利基，於是形成市場供給不斷釋出的壓力。這項供給壓力，如果不能從制度面予以消除，則無論餘屋如何去化，供給仍將源源不斷地增加。其結果，房地產市場的不景氣只會推遲更久，景氣永遠不可能循環反轉。再就短期因素而言，去年蕭前內閣推出的1,500億元優惠房貸專案，其執行的結果，有一部分資金流向人頭戶貸款，成為建商和金融機構的解套資金。另外一部分資金，則的確激發了市場的買氣，為當時的房地產市場帶來滋潤效果。但是，這些增加的買氣，既然是為了搶占優惠低利房貸而產生，則無異是刺激未來房屋市場需求，令其提前實現而已。因此，蕭前內閣去年實施的刺激房地產需求方案，只是一劑強心針。不幸的是，這劑強心針的藥效今年已經結束，如今市場需求更為衰退。就此而言，唐飛內閣所欲採行者，如果只是將這劑強心針的劑量加重，繼續施打下去，這種飲鴆止渴的作法，怎不令人為國內房地產市場的長期前景感到憂心。除此之外，還有一項值得注意的短期因素，與當前房地產市場需求不振也有密切關係。那就是新政府成立之後，許多購屋者一直對333安家專案中的3%低利房貸有所期待。由於這項方案所提供的房貸利率，遠低於現行市場利率甚多；於是吸引了購屋者的期待心理，他們寧願等待333專案確定，釐清自己是否符合申請條件資格後，再採取購屋行動。這種觀望心理，自然會抑制市場的購屋需求，使得總統選舉過後，房地產市場更是一蹶不振。由此可見，新政府若想穩定房地產市場，當務之急應該是儘速確定333專案的實施內容，俾掃除不符資格者的期待心理。否則任何刺激買氣的房地產振興措施，都無異逆水行舟而已。至於3,000億元額度的優惠房貸措施，自然也不可能例外。最後我們必須指出，行政院研擬的這套3,000億元優惠房貸方案，乃是一項刺激景氣的措施，不是社會福利措施。社會福利措施如333專案，是建立在制度上，因此可以持續推行；但刺激景氣措施，是為了滿足一時性需求，只宜偶一為之，如果持續執行刺激景氣措施，則勢必失去激勵效果，造成長期疲弱。根據報導，政府受限於財政困難，似乎打算將3,000億元優惠房貸措施，分成三年予以釋出。若果然如此，則連同蕭前內閣於去年開始的1,500億元優惠房貸案，則國內房地產市場等於連續四年都在刺激買氣，短期措施無異變成長期政策。三年之後，恐怕房地產市場早已上癮成癖，再也無法擺脫此一政策。屆時，一項為減輕財政負擔的構想，很可能帶來財政破產的結果。新政府現今所做所為，正是財大氣粗的寫照而已，不能不慎。

【2000-08-07/經濟日報/2版/經濟要聞】

"
2000-08-08_16,"

大陸豪宅走跌 跨海置產小心風險
業者建議有自用需求者可逢低買進 但投入對岸市場應審慎保守

【記者葛珮育╱台北報導】

相較於國內房地產市場豪宅產品爭先出籠，頻創房價新高，大陸北京、上海、廣州及深圳四個重要特區都市的高級住宅市場三年來卻持續走軟；怡和高力不動產顧問建議有意投入大陸市場的建商應審慎保守，想要跨海峽置產的民眾可逢低切入，但應注意風險。由於對外銷房地產市場的需求預測過於樂觀，大陸沿海的都市已經呈現供給過剩的失衡狀況，房價節節滑落。怡高物業昨天公布相關統計資料，指出三年以來，北京、上海、廣州及深圳四個重要特區都市，高級住宅價格連續下滑，上海每年平均百分之十一點八七的跌幅最巨。上海市一九九七年的平均每坪廿五萬五千多元新台幣的房價，已跌到今年的十五萬三千多元的水準。怡高物業研究員鄭宗杰表示，可能因為不熟悉當地房地產市場的開發商一窩蜂投資興建鎖定外籍人士和台商承購的高級住宅，形成單一市場過度集中的現象，造成結構性嚴重失衡。最新統計指出，深圳的豪宅市場平均空置率達百分之卅八、廣州百分之卅點二二、北京百分之廿二點一，而高級住宅市場最大、商業活動最頻繁的上海，空置率更高達百分之卅七點五。怡高物業台灣分公司總經理黃柏鈴建議，大陸不動產由於不確定風險高，並不是理想的理財投資標的，需慎選由大型大陸國營事業機構負責營建、信譽不錯的仲介商處理的個案，降低風險。

【2000-08-08/聯合報/24版/企業】

"
2000-08-08_55,"

刺激房市  政院推出  億低利房貸
三%青年貸款 明年元旦實施   暫緩獎勵興建國宅   另一般及青年房貸條件放寬


【記者林美玲╱台北報導】

行政院昨天舉行政務會談，唐飛院長裁示多項刺激國內房屋市場需求，改善供過於求現狀措施，除了暫緩政府獎勵興建國宅、暫停台糖住宅新建計畫外，還計畫自明年元旦起實施利率百分之三的青年低利優惠貸款；另兩項總額達三千兩百億元的低利房貸優惠方案，唐飛則表示不排除提前、儘快實施。行政院決定，除九二一震災地區外，政府直接興建或獎勵民間興建國宅將暫緩四年，台糖公司開發住宅計畫暫緩，已領得建造執照之民間建築案，准延後兩年，勞工住宅輔建方案第二期停辦。在市場需求面部分，行政院新聞局長鍾琴代表行政院指出，將分為三案：青年首購低利貸款方案部分，適用對象為廿歲至四十歲低收入戶青年，每年一萬戶，最高貸款金額二百廿萬元，前七年利率百分之三，第八年後恢復一般利率，由政府編列預算補貼。第二案青年優惠房貸及保證方案，適用對象較大，低收入戶以外之廿歲至四十歲無自用住宅者均得適用，利率為郵政儲金定期利率（現為百分之五點三五）加計一個百分點，政府固定補貼零點八五個百分點利息，購屋者支付利率為百分之五點五。第二案規模為一千兩百億元，台北市每戶最高貸款四百五十萬元，其他地區最高貸款三百五十萬元，期限最長廿年。約兩萬五千戶受惠。第三案兩千億元一般優惠房貸，條件更寬鬆，年滿廿歲均可申購一戶，利率條件與第二案相同，台北市最高貸款金額二百五十萬元，其他地區二百萬元，不限新屋或中古屋。凡符合政府其他政策性房貸者，例如國宅、勞工及公教人員住宅貸款，亦得搭配使用。此案金融機構以自有資金辦理，如有不足再由中央銀行協調，估計至少可嘉惠約十萬戶。  相關新聞見二版

【2000-08-08/聯合報/1版/要聞】

"
2000-08-08_58,"

《社論》
振興房市：挽回信心不能只靠政府補貼操作



時隔二年，政府又要為房地產市場下猛藥。為提振房地產景氣，行政院昨天公布振興房市方案，除原來「三三三方案」中年息百分之三的青年購屋貸款外，並將由政府補貼利率，推出高達三千兩百億元、年息百分之五點五的優惠低利房貸。這帖藥方，曾經媒體披露大概，昨天提出的是一個略有變更的版本。不過近來股市仍然跌多漲少，似乎市場對這套方案並不領情，政府如不能儘早尋出病根，只恐耗盡公共資源，仍難穩住當前情勢。由政府補貼利率鼓勵民眾購屋，實可謂是舊把戲，早在前年蕭萬長擔任行政院長時，就由中央銀行提撥郵政儲金一千五百億元，由政府補貼利息零點八五個百分點，提供民眾貸款購進新建成屋。由於該項方案沒有任何排富條款，只為消化建商餘屋，即動用國庫補貼，曾被各界指責為「劫貧濟富」，而當時的一千五百億元，將使政府在以後的二十年花費二百五十五億元以上補貼購屋者及建商。如今，在新政府提出更為龐大的補貼方案後，這項政府支出將再急速擴增。雖然，這次方案中納入了房屋貸款信用保證制度，政府僅須先提撥有限的基金，不過信用保證的風險偏高是不爭的事實，政府把銀行、購屋者、建商應承擔的責任攬在身上，是將這個社會少數人應負的風險由全體大眾承受，顯然有失公平。以已建制的中小企業信保基金而言，信保基金的逾期放款及呆帳均遠高於銀行，近兩年每年呆帳高達近三、四十億元；房貸信保的對象，絕大多數是自備款不能符合正常需求，卻需超貸的購屋者。試想，只付得起一成自備款，負債高達九成的購屋者，它的風險自然比一般房貸成數的客戶高出甚多，而政府為了刺激需求，竟鼓勵高負債融資購屋，不但提高了銀行授信風險，也使政府財政在快速惡化中，再增潛在負債。政權替換，並沒有替換掉財經政策欠缺社會公平、正義的本質，新執政者仍只關注於問題表象，追求短線的政績，因此不惜犧牲公益利益，為特定對象及市場解圍、解套。說穿了，這只是把少數人的包袱套到所有人頭上而已。而這樣的心態及作為，近日亦見於新政府持續動用四大基金護盤撐股價指數。然而，如果政府如此「犧牲大我，成就小我」能夠解決問題，或可視為必要之惡，但政府一再運用公庫刺激財經市場，果真能得到預期效果嗎？如上所述，行政院研擬振興房市經媒體披露後，除了換得營建類股兩、三天的榮景之外，整體市場並未因此受激勵，持續下跌走勢。行政院原來打的算盤是，推出優惠房貸及房貸信用保證，能夠創造需求，刺激買氣，一方面協助建商消化餘屋，一方面也順勢為銀行解套，緩和銀行逾期放款攀高之勢，看來似乎是一石三鳥之計。然而實際的狀況為何？根據內政部統計，台灣地區住宅自有率高達八成以上，已屬偏高，因此有購屋需求者集中於換屋，或是青年成家者，倘欲靠這部份需求來消化國內六十萬戶以上餘屋，根本不可能藉金融手段達成。事實上，蕭內閣推出一千五百億元優惠房貸，最後即衍生很多建商利用人頭貸款，把餘屋套給銀行的流弊。政府藉金融手段創造假性需求，銀行未受其利，反遭其弊；兩年前舊政府一方面熱烈推出振興房市方案，但在層峰主導台糖六萬元一坪勞宅、農地釋出和建商搶建等多重因素下，兩年後國內房市仍然是一片慘綠，根本無法扭轉房市的基本面。國內房屋市場供需嚴重失衡，的確是舊政府放任炒作、濫建，欠缺整合良好的住宅政策所致，新政府若欲解決問題，當然不可再踏上覆車之轍。須知，要創造房地產的真正需求，只有創造土地及房屋的增值空間，才能真正引導資金投入房地產，而誘導增值，不是製造暴利、放縱投機，而是政府利用公共建設及公共投資，勾勒出區域土地的增值遠景。新政府上任以來，雖然一再強調掃除黑金，並揚言建設綠色矽島，但外界始終無從窺探新政府的公共建設及公共投資遠景為何。在捉襟見肘的政府預算上，因為社會福利和舊有債務沈重包袱，硬體建設相對被排擠，有限的資源一再被用於沒有自償性的經常性及社福支出上，見不到足以激勵市場信心的交通、經濟、科技總體或地方建設。核四存廢重新評估，美濃水庫十年內不決定興建，使得科學園區的發展，籠罩於缺水、缺電的陰影。至於兩岸僵局未解，更令股市、企業存有疑慮，亦難恢復民眾對房地產的信心。任何一個市場的榮枯，必然植基於總體經濟的前景，如果這個前景是萎縮、不確定的，再多的技術面操作，還是不可能振興人們的信心。新政府準備密集召開財經會議，以突破目前的困境，但我們可以斷言，如果新政府繼續深陷於選票支票的泥淖，再多的財經會議也無法改善現況。整個政經情勢似有一種相當悲觀的徵兆，因為政治紛攘、政策紊亂、競選支票疑慮而有窒息的疑慮，新政府得趕快許老百姓個具體的經濟前景，這才是房地產、股市，乃至整個經濟、產業的救命良藥。

【2000-08-08/聯合報/2版/要聞】

"
2000-08-09_22,"

蝸牛聯盟反對不限首購房貸
斥責政府以全民稅收補貼劣質建商 要求速公布危屋及餘屋資訊


【記者梁玉芳╱台北報導】

蝸牛聯盟昨天表示，儘管學者、銀行主管、部分建商都在罵，但砸大錢救房市的政策還是端上桌了，新政府仍舊與特權建商掛鉤，和舊政府一樣以全民稅收補貼劣質建商，政治變天後一樣令人失望。蝸牛聯盟呼籲，政府立即停止實施不限首次購屋的「兩千億元優惠房貸」政策，並公布一千五百億元優惠房貸實施的結果報告，以及有關輻射屋、海砂屋等危險住宅的資訊報告；兩年前營建署與台電公司估算台灣空屋高達一百多萬戶，近年空屋數應已超過百萬戶，政府應重新清查估算，供民眾參考，並以「租賃補貼制度」消化餘屋。蝸牛聯盟指出，可以預見劣質建商將藉此出脫餘屋，並以「人頭」壟斷貸款名額，金融問題與社會問題將接踵而來。聯盟呼籲，政府若還聽得進忠言，該在亂花人民納稅錢之前，先完成三項工作：公布去年申貸完畢的「一千五百億元優惠房貸」實施結果調查報告、公布「危險住宅資訊調查報告」，及公布「全國各縣市空餘屋資訊重新調查報告」。蝸牛聯盟認為，有了這三項資訊，政府才有理由用人民的錢，叫人民進場買房子。蝸牛聯盟認為，十年來台灣房價持續下跌，即使前年底前行政院長蕭萬長提出一千五百億元優惠房貸，房價仍然往下直直落，對小市民來說，各種投資管道中，「買房子是最不值得投資的，投資報酬率遠低於利率」。蝸牛聯盟分析，如果消費者再相信政府這次投出「萬靈丹」，馬上進場購屋，以十年來的房價走勢來看，「優惠貸款將變成蝸牛族的龐大負債」。【記者李志德╱台北報導】針對行政院提出的振興房市政策，新黨立院黨團召集人賴士葆昨天認為，這項政策只是「圖利營建商」，實際算起來，消費者每百萬元只少了一千多元。政府日前提出總額高達三千四百億的三項低利房屋貸款，賴士葆表示，這是以政治力介入市場機制，根本無助於房屋市場的活絡，其後果只會增加銀行逾放款，並讓中長期資金趨緊。賴士葆說，這項政策對消費者而言，實際上每一百萬元只減少一千多元，卻可解除營建商短期資金的周轉問題，舊政府時代的一千五百億元房貸已經證明無法提振房市，新政府再做一次，效果一樣有限。反之營建商可以尋找人頭戶借款，由業者代繳利息，甚至是一成自備款，一年以後，此一風險將轉嫁銀行，增加銀行逾放款，經營更將雪上加霜。

【2000-08-09/聯合報/8版/社會傳真】

"
2000-08-09_6,"

《社論》
3,200億元之外該做什麼？


【社論】

在3,200億元的振興房地產市場方案基本上定案之後，目前不論反對或是贊成，一切爭議已屬多餘；應該深切思考的，是如何建立配套措施，讓這一股注入房市的活水，能夠發揮最大的功效。這又必須分從消極防弊與積極興利兩面切入。許多人最感憂心忡忡的，是一方面大幅釋放低利貸款，一方面則又降低自備款的成數，可能導致不肖業者冒用人頭，將去化不暢大批成屋倒給金融機構，使銀行的不良放款暴增，潛在的金融危機也因而更形升高。同時，眾多年輕的購屋者在低利與低自備款的雙重誘惑之下，一時衝動買下高價的住宅，未來持續數十年的還本付息將構成沈重壓力，其中相當多的購屋者可能半途而廢，讓他們與金融機構同遭損失。就前一種顧慮而言，我們必須加強對市場機能的信心。金融機構同為市場中將本求利的成員，斷無明知建商設下陷阱仍貿然投入的做法，尤其在國內逾期放款使人人自危的情況下，銀行又豈敢不小心翼翼地再三過濾其貸放對象？在這樣的防備之下，當然還不免有漏網之魚，其數量已不足為患。對那些亟圖實現其擁有家園美夢的年輕人家庭而言，這一筆龐大而且長久的開支絕非兒戲，必定會慎重地盤算、規劃然後下手，我們實不必過度低估他們的理性及智慧而◆人憂天。即使有行事比較魯莽或者時運不濟的少數人，在市場洪流中也無庸過度憂慮。儘管在防弊方面並不勞政府多費心思，相關部門卻可以為積極興利多所獻替。這3,000多億元優惠房貸的主要目的既在活絡房市，則正該藉此機會將原本妨礙房市正常交易的體制一併匡正。土地增值稅是其中最受人詬病者。此一上世紀倡導的稅制本於漲價歸公的理念，對土地交易所得課以最高達60%的重稅，一方面形成閉鎖效果，使土地的流動受到羈絆，另一方面則漏洞重重，並產生持有愈久則稅率愈高的鼓勵投機作用，其不公平、無效率，在各稅種中無出其右者。若能儘速將土地交易所得納入綜合所得稅制中，使其稽徵方式簡化，並將稅率至少降到最高邊際稅率40%，對當前的房屋交易大有激勵作用，不僅將使房地使用效率提高，政府的稅收也可能因為交易量之放大而不減反增。在921震災之後，台灣房屋建築的品質大受質疑，我們相信，在目前數十萬戶超額供給的成屋乃至仍在興建中的房宅中，仍不乏品質存疑、環保可慮、法規不合的問題房屋。這3,000多億元貸款既屬優惠，必須以人民的稅款補貼部分利息，即有權對其適用的房屋在品質、規格、合法性方面有所限制，藉以加速淘汰低劣的建商與建物，使整體建築水準得以提升。為了讓市場供求早日達到平衡，循此方向，可以徹底修訂建築管理法規，提高許多的門檻，加強建商的管理，使未來房屋的起造不致粗製濫造，在品質提高的同時，供給也可以減緩。台灣的房屋市場出現今日亂象，與整體國土利用政策之失當有密切關聯，一方面造成醜陋凌亂的市貌，同時又使交通壅塞、生活機能大為低落。若政府的確有積極做為的決心，即可以這3,200億元優惠房貸為利器，將目前數十萬餘屋及興建中的住宅全面檢討。根據其整體規劃、生活機能、外觀及結構分為若干等級，等級高者則優先列為優惠對象。這樣的做法可激勵乃至逼迫建商共同改善其整體環境，或要求政府出面進行整合，有條件地從事改善交通、市貌、提高生活機能的工作。對於個別購屋者而言，其居住品質將大獲改進，其價值當不下於利率的些許優惠。更重要的是，當整體住宅品質提升、觀念進步之後，我們社會全體都能在生活品質上更上層樓，獲益匪淺。在方案的相關措施中最受關注的當屬眷村改建問題。我們認為，上述方式即可一併解決此問題。所謂眷村，本來只是一個過時的歷史名詞，已無現實意義。其真正核心端在政府與居住者共同持有一塊有價值的土地，此價值應如何歸屬及運用而已。我們認為最簡單的處理方法是，將土地公開競標，所獲價款以一定比率分配到每一住戶，由他們自由選擇所需住宅。政府若更積極一點，可以在這數十萬餘屋中挑選各方面條件適宜者，協助改善整體居住環境後，優先供眷村住戶選擇。如此一方面徹底解決糾纏多年的眷村問題，另一方面又為房市注入巨額資金，在連鎖效果之下，進一步擴大經濟的總需求，使振興房市方案可以發揮更強大的功效。

【2000-08-09/經濟日報/2版/經濟要聞】

"
2000-08-10_46,"

新經濟 舊思維 表面上賺到了一些利息…幫財團脫困？
又見優惠房貸 唉！等不到合理房價…


【天佑╱醫（台北市）
】

國內房地產市場不景氣已經長達十年了，這當中的問題可說是個長期的沈◆，七年之病而求三年之艾，是無法藥到病除的，政府一再釋出低利房貸也只能救一時之急，無法治本，隔一段時間又要再下更猛的藥，徒然浪費國家資源與人民納稅的錢。根本之道還是要回歸市場基本面，尊重房市自由機制，減少人為的干預，讓供需來決定房屋的價格，以優勝劣敗來斷業者的生死。等到房價落到無殼蝸牛都買得起的時候，餘屋的問題自然就解決了；等到體質不好的業者都淘汰掉，房地產也必然會回復昔日「火車頭工業」的活力與光彩。依目前政府的做法，事實上只是一種揠苗助長式的解決方案，消費者也許想貪得些許的低利優惠而進場購屋，雖然解決了一些亂製造餘屋的建商燃眉之急，但是一旦購屋人家庭收入發生變化，最後還是要斷頭，此一放款又成銀行的呆帳，間接的銀行又成了受害者。何況在如此寬鬆的貸款條件下，不肖建商更可以人頭戶，從銀行貸出高達九成的房貸，將餘屋的爛攤子全丟給銀行，後果不堪想像。至於政府口口聲聲說要幫弱勢的年輕人及早擁有自己的房子，但是社會上真正弱勢的殘障人士及其家人與為數眾多的租屋族，卻是一直缺乏政府政策實質的幫助。在政府提出的各項低利優惠房貸中有勞工住宅貸款、有軍公教人員貸款、有原住民貸款，以及現在的青年購屋貸款，但是就是獨缺遍尋不著針對殘障人士的低利優惠貸款，也許有些殘障朋友在條件資格上也許可符合上述的各種優惠房貸，但他們在某種程度上都還要跟身心健全的朋友一起去競爭有限的優惠名額，這不僅對殘障朋友不公平，也顯示政府缺乏照顧真正弱勢者的誠意，漠視全國六、七十萬名殘障朋友的權益與福祉！黎凱飛╱商（台北市）二個多月來，新政府的經濟政策仍然沿用了舊政府的那一套，無理的干預股市，無厘頭的企圖振興房地產。舊政府用這一套玩了十幾年，弄得焦頭爛額，結果是以下台告終，新政府應該以此為鑑的。但是奇怪的是，似乎新政府沿用了舊有的那批經濟學者，一味的在爛透的經濟上塗脂抹粉，完全不顧經濟的根本已經腐爛。如果股價指數一跌政府就要去救，難怪我們有一堆努力作假帳只求能上市上櫃的爛公司，若是如此，政府乾脆規定股價只准漲不准跌就可以了。至於房地產就更奇怪了，就因為建築業號稱為「火車頭工業」就一定要救？本是建商哄抬搶建造成單純的供需失衡，就因為涉及了官商勾結，把許多的體制有問題金融機構也牽扯進去，於是株連更廣，呆帳越來越多消化不掉。如果東西太差、價格太高，導致產品滯銷，國家就要提供資金補助貸款促銷產品，政府乾脆就規定成年人配售房屋一棟？幻象終有一天會破滅，只有擁有實力才能屹立不搖，亞洲經濟風暴時我們沒有倒下來，憑藉的是過去累積的經濟積蓄。當實力逐漸減弱，積蓄又漸漸用盡，我們還能撐多久？萬一跌倒了還有能力站起來嗎？我們期待經濟學者們能勇敢地站出來，痛批時政力陳沉◆，救救這個搖搖欲墜的經濟體。蕭景深╱自由業（彰縣田中）房市的低迷是整體經濟面的問題，過高的房價，對一般上班族來說，不吃不喝要十來年才能有小小容身的處所，對大部分的上班族來說要買房子還是夢想，政府執行此政策後，是不是有另一波房價漲風，仍有待觀察。政府振興房市，應該將房價抑制機制建立，並且要防止有心人士藉機哄抬房價，如此一來，可以避免因房價飆漲後再廣建平價住宅，來抑制房價，又造成另一個循環。建立房價公信力機制段運午╱退休經理人（台北市）筆者認為政府應建立合理房屋市場公信力價格的配套機制；例如賦予各政府評審原公告地價組織新功能，配合當地公正人士依地段、樓層、建材、公共設施等分若干項、類每單位成本，構成供需均願信賴的參考價格，買賣雙方各尋求最願接受的價格。建商在資金需要供過於求的壓力下、自然降價求售。在合理價格出現後應可帶動新一波活潑房屋買賣新契機；舊屋換新屋、小坪數換大坪數，政府同時可增加買賣稅收。

【2000-08-10/聯合報/15版/民意論壇】

"
2000-08-11_52,"

餘屋供過於求 短期消化不易

政府推出低利貸款 業界認為能刺激買氣 但對景氣能否復甦則看法不一

【本報記者林建農】





	                       		房屋市場供過於求，短期內要完全消化很困難。　記者林建農╱攝影
	                      







                  	  房屋市場供過於求，短期內要完全消化很困難。
                  
                  

政府推出低利房屋貸款優惠方案，許多消費者躍躍欲試，業界認為對買氣將有刺激作用，希望趕快實施以免造成觀望。但當前餘屋量太大，短期內要消化不可能，房地產能否回春仍有待觀察。行政院為刺激房屋市場，計畫明年起實施利率百分之三的青年低利貸款，另一千二百億元青年優惠房貸及保證方案，和總額二千億元的一般優惠房貸，利率都是百分之五點五，不排除提前儘快實施。台南地區有意購屋民眾，有人一改原有觀望態度，評估符合條件準備進場。代銷業者也視為一大利多，部分仲介業樂觀其成，但建商則有見仁見智看法。任職公家單位的消費者李憲雄認為，政府新措施將刺激許多人購買意願，無論首購或換屋，都可趁機會進場。從事代銷的仁邦不動產副總經理邱天助說，優惠利率直接受惠的是民眾，對現有低迷房市將是一大利多，但政策確定要趕快實施，以免「夜長夢多」造成觀望。從事仲介的長信房屋負責人趙萬國雖樂觀其成，但認為將是「短多長空」。他說，前年底推出一千五百億元低利房貸，曾消化八萬多餘屋，此次三千二百億元優惠利率，估計可消化十二萬戶餘屋，國內現有餘屋約四、五十萬戶，要完全消化談何容易？房屋市場早已供過於求，優惠方案在短期內有助買氣，但可能像上次「一窩蜂」，未必能「持之以恆」，何況尚有兩岸關係等政治面因素，房地產景氣能否復甦很難說。太子建設副理黃沛桂認為，優惠利率雖減輕購屋者負擔，但政府整個國家政策不明確，對建築業未必有利。台南市建築投資商業同業公會理事長林易充則說，國內房屋自有率已達百分之八十五，優惠房貸雖有助消化餘屋，如果眷村改建繼續進行，國宅、台糖限建到期後仍可能推案，供過於求情形無法改善，房地產要復甦恐有困難。

【2000-08-11/聯合報/16版/廣告】

"
2000-08-11_76,"

嘉義網路別墅
 9月進場搶市


【記者王瑞堂╱嘉義)
】

嘉義建商窮則變，宏都建設公司將率先推出智慧型網路別墅，預計今年9月進場。宏都建設認為這項新產品具有區隔市場特色，應該可以在預售房屋市場景氣不佳情況下，打出一條通路，創造出一番銷售佳績。

【2000-08-11/經濟日報/38版/商業脈動】

"
2000-08-13_47,"

三千二百億優惠房貸 無法解決供給不當的問題
不要賺了利息賠了房價
甚至賺了房價賠了房屋

【張金鶚╱政大地政系教授（台北市）
】

行政院三千二百億元優惠房貸方案企圖振興長期低迷的房地產市場，再度引起社會各界的批評。從舊政府去年初一千五百億元優惠房貸方案的實施結果來看，顯然房市並未振興且有持續惡化現象。我們不禁要問：為何政府一再推出大手筆優惠房貸？為何市場機制無法發揮功能？到底政府在房市中應扮演的角色為何？消費者又該如何在此混沌的房市中進行購屋決策？總而言之，在面對如此長期低迷的房市情勢中，如何才能振興房市乃至最根本的來健全房市？長期以來根據個人的研究與觀察，國內房地產市場有三大神話的迷失是造成此不合理現象的深層因素，值得正視與重視。房地產的最大神話是「房地產只漲不跌」，尤其是中國人（其實是傳統農業社會）有土斯有財的迷信，更加深了此神話的迷失。但從日本房價崩盤及台灣近年房價的套牢與逐漸下跌來看，房價只漲不跌的神話應該已經破滅。房地產的第二神話是「房價不能跌、建商不能倒，否則會產生嚴重的金融危機」。此神話明顯違反市場法則，供過於求的房市，房價當然應該要下跌，經營不良的建商乃至金融機構當然也應該被淘汰。但是否這樣就會導致嚴重的金融危機？相當值得懷疑。尤其國內一般不動產貸款一向非常保守，購屋貸款平均約五至六成且多是提前清償。換言之，房價下跌三至四成將不致影響金融，更何況人為干預市場法則只會延後造成未來更大的金融危機，此神話顯然也應破滅。房地產第三個神話是「建築業乃火車頭工業對總體經濟影響巨大」，必須給予特別對待。此神話在近十年房地產的不景氣對總體經濟的些微影響來看，也應已經破滅。上述房地產三大神話的破滅在許多相關學術研究中多已釐清，然而社會一般大眾乃至部分政府決策者仍有相當迷失，誤下藥單，更造成房地產的長期困境無法突破，當然也就更不可能真正健全房市。現今，政府企圖利用優惠房貸刺激房屋需求，引誘消費者進場面對當前不合理的房價及其品質，政府此舉意味認定當前房地產問題仍是需求不足所產生。然而事實上眾所周知，當前房地產問題乃是供給過多且供給不當所造成，尤其相關土地政策的不合宜，建築業者的良莠不齊、房地產品質及區位不佳等所致。但是，政府並未針對供給不當提出解決政策，由此觀之，可以預見房地產市場的困境將依然無法突破。政府的角色是在確保市場機制的正常運作，而不輕易介入扭曲市場機制的發揮。當前房地產關鍵問題乃是市場機制不健全，無法發揮供需法則與獎優懲劣機制。因此健全房市之道，就是面對並重視市場機制的改進，投入更多的資源與心力，使之成為解決房市問題的主軸而非配套措施。此外，從外部性的角度，政府也應重視房地產品質的安全管理與提升；從市場失靈的角度，政府更應重視弱勢團體的住宅福利政策，其中出租住宅市場的健全發展應是關注焦點。消費者則應體認到房市長期的不景氣，眾多的空餘屋並非短期可予消化，雖然政府提出優惠房貸方案，但未來供過於求的房價下跌空間，更值得購屋者努力爭取，千萬不要因小失大，「賺了利息而賠了房價」。更進一步地，消費者應體認更重要的購屋決策是房屋本身的品質與區位而非價格，千萬不要「賺了房價而賠了房屋」，此觀念亟待消費者深思。

【2000-08-13/聯合報/15版/民意論壇】

"
2000-08-14_12,"

促銷 花上億元打造樣品屋
豪宅銷售率約4、5成 名人進駐打響知名度


今年房屋市場上豪宅一枝獨秀，建商也力推豪宅，每個接待中心也都大手筆花上億元打造豪宅樣品屋，包括新聯陽、甲山林等代銷業者對於豪宅銷售仍是信心十足。近來台北市最知名的預售豪宅信義之星、宏盛帝寶、和恕致和園，最好的銷售率約50%。由新聯陽代銷的信義之星，據指出，銷售量已經高達四成，但是近來卻傳出基地下有斷層，新聯陽則澄清，台北斷層逾萬年未活動，且該案安全絕對無虞。宏盛帝寶因原來中廣大樓5000坪基地，幾乎被認為是豪宅的賣點及代表作，廣告已打響，卻因為將基地分成4塊，被認為有意躲避都市審議，目前建造執照還未取得。和恕建設過去推案淡水丹霞灣及新店現代啟示錄，雖然高價，但在短期內銷售一空，丹霞灣更因聯電集團董事長曹興誠進住而聞名。這次標榜每坪造價18萬以上，每戶售價1億5000萬以上的165坪真材實料的豪宅致和園，只有15戶，約賣出一半。

【2000-08-14/聯合晚報/3版/話題新聞】

"
2000-08-15_40,"

中市最貴豪宅 一戶6000 萬
仿歐建築「電腦管家」  全棟20戶每坪37萬元

【記者林榮╱台中報導】





	                       		建商在台中市推出的豪華大廈，一戶要六千萬元，在低迷的景氣中，受到矚目，目前已售出六戶。　記者郭耿文╱攝影
	                      







                  	  建商在台中市推出的豪華大廈，一戶要六千萬元，在低迷的景氣中，受到矚目，目前已售出六戶。
                  
                  

台中市營造業者昨天推出每坪叫價卅七萬元的豪宅，又採大面積坪數，多為一百六十二坪，總價達六千萬元，是台中市最昂貴的住宅。位在科博館前的這座大樓已建好，外觀仿中古世紀城堡，搭配二十五座大型銅雕。還有「電腦管家」，透過視訊保全系統，可確認訪客及控管一樓電梯間入口電鎖，連大廈保全人員都無法擅入。住戶出入也有電腦錄影、感應，停車場及電梯還設有反脅迫系統。網路設備全天候；住戶外出時，甚至可以電話遙控家中的照明設備，模擬主人在家的模樣。推出該建築的業者表示，數年前他到歐洲旅遊，發現歐洲建築物大都藝術化，因此決定在國內建造一棟仿歐藝術建築，經過三年的努力，完成這座代表性的建築作品，算是實現心中的美夢。台中市房屋市場仍處於谷底狀態，建商今年推案量大減，全年預定二百多億元，與數年前推案量一、二千億元相去甚遠。一般建商新屋一坪約十萬到十二萬元，最高的卅萬元左右。這棟大樓創下台中市住屋最高價位，全棟廿戶，建商說已售出六戶。

【2000-08-15/聯合報/12版/話題】

"
2000-08-16_23,"

新經濟的中華電信員工應有新思維 
打破習慣領域？緊抓舊繩掙扎？


【郭峰淵╱中山大學資管系教授（高雄市】

在筆者家附近有間不起眼的小書店，地點差，書籍也不多，但卻是人來人往，生意鼎盛。原來該書店老闆多年前體會到小書店困境，而致力於開發家教服務市場。他藉助於離中山大學甚近的優點，提供一完整的服務，使得關切子女教育的家長及有能力賺外快的學生都能各盡所能，各取所需。現在該書店已建立其完整的通路：包括了供應鏈及行銷管道，其競爭力已非他人所及。書店雖是一老舊產業，但經營者若有新的思維，卻能持續開發新的產品與服務，使其屹立不搖。最近中華電信因民營化而不斷抗爭。中華電信是新經濟裡的基礎產業，而新經濟又是什麼？它有報酬遞增、贏者通吃、大者恆大及創造性毀滅的現象。這些現象指出新經濟裡的產業，要有創新的思考，要利用知識拓展業務，要當行業裡的老大。但現在中華電信員工卻執意要當「公務員」。一個新經濟的產業，卻是老舊心態，令人不得不為中華電信的未來擔憂。以上兩個案凸顯了台灣拯救傳統產業及發展知識經濟最需要的策略，也是五四運動以來中國現代化最困難的瓶頸：新思維的建設，或是用尤伯龍教授的名詞「習慣領域」的改變與擴充。傳統產業在過去數十年累積了無數的經驗與知識，但「成也蕭何、敗也蕭何」，過去成功的經驗，在新經濟中變成了累贅。這並不是說這些過去的知識沒有用。相反的，它們仍然有用，但必須是在新思維的範疇之下。以書店老闆為例，若無書店的背景，他無法認識家教市場的商機。但是要能體會到整個家教市場供應鏈及行銷通路的重要性，他就不能再以書店經營者自居。這種「習慣領域」的改變，使得他能看到一片具有無限潛力的未來。相反的，中華電信員工的「習慣領域」未變，也就只能抓住舊有的破碎繩子掙扎，自我憐憫。但廿一世紀的經濟在全球化、資訊化的引導之下，已無寧日，變動將是它的本質。也因為如此，知識的重要性才日以遽增。但這些知識不是高深奧妙的物理、數學，而是很多生活中所隱涵的社會常識。要激發這種知識，首先要打破舊有的「習慣領域」，要以新思維來思考企業的發展。想想看，為什麼新經濟中成名立業都是二、三十歲「乳臭未乾」的年輕人？他們有什麼，而成熟人士所沒有的？答案是要將此問題反過來：他們沒有執著舊有的「習慣領域」，以新思維看世界，有勇氣來冒險犯難，這是他們成功的本錢。所以政府如何拯救傳統產業及發展知識經濟？一個極度簡化的答案就是要建立新思維，而在這新思維的前提之下，讓新經濟的兩大生產要素—資本及知識—密切的結合。從這個觀點，現政府的措施，如干涉股市及拯救房市等，仍然脫離不了舊思維，因此即使有短期效果，若未能盡速提出基於新經濟思維的主張，恐將仍難有長期效果。例如：拯救房市的同時，必須強調建立房屋市場資訊機制，以避免過去錯誤再度產生。若新政府能有類似的新思維，我國才能成功的邁入知識經濟。

【2000-08-16/聯合報/15版/民意論壇】

"
2000-08-18_11,"

《人力資源庫》
有熱忱高EQ 菜鳥也能成專業房仲經理人


【吳婉芳】

求職並不難，只要你懂得一些竅門，尤其是從事的行業與所學的不同，即所謂的「非相關科系」，那麼如何進入那個行業呢？信義房屋最近連續辦了六場的徵才活動，有些社會新鮮人在現在房地產景氣不見得很好的時候，對於從事房屋仲介業，顯得有些猶疑。不過，有的人對於房地產事業相當有興趣，卻礙於「非相關科系」，也懷疑職場生涯的選擇到底應該如何安排呢？根據統計，只有20%的專業房仲經紀人，來自建築、土木、不動產等科系，80%的是非相關科系的畢業生。信義房屋人事部經理劉元智表示，很多行業徵才可能有些條件的限制，甚至要求相關科系畢業，但是，信義房屋在乎的是「熱忱、高EQ、重視團隊精神」的人才。而且透過企業內部對員工的教育訓練與實務經驗的累積，可以逐漸培養「非相關科系」的人才也可以成為「專業」的房仲經紀人。職場生涯規劃在求職的過程中，只要把握幾項原則，不難找到自己的職場方向，例如：●「建立自信心」最重要：許多人事主管在面試求才時，會將求職者的「自信心」當作基本項目與分數來考量。●發展個人興趣：最好是讓自己的興趣與工作結合，而不是以「科系」為考量，如此才能充分享受樂在工作中的奧妙。●了解企業的潛力與願景：找一個適合自己的職場舞台，而不是盲目跟著流行的新興產業走，唯具有發展潛力並可以提供個人發揮所長與興趣的企業舞台，才能走出長遠的職場生涯之路。至於，社會新鮮人質疑房地產事業、房仲業的發展情形，根據信義房屋的統計，和去年下半年相比較，房屋市場已走出921地震的陰影，目前已小幅成長19.7%。雖然桃竹苗、中南部地區仍相對萎縮，但是台北市、台北縣成交已持續呈現正成長。信義房屋企劃研究室副理張欣民表示，未來加入WTO、明年3%青年購屋房貸上路、三通的可能性增加，可能使房地產市場有一些新契機。專業的房仲業經紀人不是一蹴可幾，必須不斷的提供教育訓練，因此，求才徵才的腳步一直不斷的在進行，當「景氣反轉」的時刻來臨時才能把握機會大展身手。

【2000-08-18/經濟日報/29版/】

"
2000-08-18_25,"

優惠實施後 問的多買的少
業界認為搶貸未必有利 還是要貨比三家


【本報記者林建農】





	                       		房屋市場供過於求，消費者可以「貨比三家」。　記者林建農╱攝影
	                      







                  	  房屋市場供過於求，消費者可以「貨比三家」。
                  
                  

三千二百億元優惠房貸政策開始實施後，北部房地產市場傳出捷報，台南地區雖然探詢者增加，但買氣還不很明顯。業界認為，上次一千五百億元低利房貸，許多人賺了利息卻賠了房價，一窩蜂搶貸未必有利。受到優惠房貸利多刺激，台南地區許多建築案，紛紛展開促銷動，有的標榜低自備款，希望趕搭這波熱潮。銀行連日來探詢電話「應接不暇」，許多民眾躍躍欲試，但真正進場或提出貸款的尚不踴躍。台南市不動產仲介經紀商業同業公會理事長陳體忠認為，北部房市部分配合優惠房貸降價，對消費者頗有吸引力。但南部地區近年來跌幅不小，土地成本如無法壓低，房屋要再降價的空間有限。上次政府推出一千五百億元低利房貸，因名額有限並有所謂「內定」傳言，許多人擔心搶不到，急著申辦，當時雖賺到利息，卻因後來房價下跌沒佔到便宜。相形之下這次民眾理智多了，不急著排隊趕辦，探詢者雖多但買氣還不明顯。擔任台南市銀行商業同業公會理事長的台灣銀行台南分行經理吳剛明表示，優惠房貸對有意購屋者相當有利，但銀行在核貸前仍需確實徵信，設法防範可能的弊端。大豐富機購董事長吳道雄則說，低利率減輕貸款購屋者負擔，但如果自備款太低，以後發生償債困難的風險較高，買賣雙方最好在事前講清楚、說明白，以免搶貸造成無謂糾紛。台南市政府消費者保護官徐銘通認為，目前餘屋量太大，供過於求形成買方市場。低利率的優惠房貸雖令人心動，但千萬不要為搶貸而買房子，事前未經審慎評估，就輕率訂購超出自己能力範圍的房屋，勉強或無法付款都會造成損失。值此房屋促銷熱潮，更有必要保持冷靜，仔細「貨比三家」後，理智詳閱契約內容再簽訂，才能確保權益。

【2000-08-18/聯合報/16版/廣告】

"
2000-08-20_75,"

堅持房價與否
建商各有考量


【林政鋒】

政府為振興房市所推出的優惠貸款，立即引起建商在堅持房價問題的二極化反應，有些業者認為堅持房價可以增加獲利，但部分業者認為應趕緊去化，成交比堅持價位重要。政府為振興低迷的房地產景氣，祭出總額高達3,200億元優惠房貸措施，受惠名額高達1.5萬戶；與去年1,500億元優惠房貸相較，由於總金額高出一倍多，受惠名額也相對多出一倍，有心購屋的民眾無不趨之若騖，高雄各工地接待中心現場，來客量明顯增加二至三成。面對潛在購屋者瞬間湧現，各建商的因應對策並不一致，對於是否堅持房價也出現截然不同的看法。根據住商不動產企劃研究室統計資料顯示，3,200億元優惠房貸對房仲市場確實帶來正面的效應，尤其是深受鬼月影響的中南部房屋市場，在政府優惠房貸消息發佈後一週，雖然成交量尚無明顯變化，市場氣氛已經熱起來。由於受到人口結構、所得水準以及餘屋量偏高等多重因素影響，南部地區房地產景氣普遍比中北部差很多，因此年來不少建商在龐大利息壓力下，早就以能夠早日出清餘屋為最大銷售原則，只要購屋者有意願，可以想盡辦法滿足其各方面的需求，其中包括降價、提供贈品、裝潢，甚至是由建商吸收部分利息的做法都出現。業者指出，假設一棟房子500萬元，如果放一年沒賣掉，利息侵蝕掉50萬元，如同剩下450萬元價值，現在房子放得愈久就虧得愈多，不如早早脫手才得划算。因此高雄房地產市場行情持續破底，透露出建商的無奈。優惠房貸專案一出現，久經「無利可圖」的建商，難免燃起一絲希望，但願能趁著熱絡的買氣，賣得好價錢，彌補一下虧損。另一方面，部分業者卻認為3200億元額度乍看之下很龐大，但稀釋之後真正能分到多少還是未知數。尤其股市以及政經情勢並不是沒有變數，加上人氣難得凝聚，一定要把握機會，因此不再多做考慮，依舊以滿足購屋需求為最大前提，房子賣得掉成交最重要，一年省下的房貸利息比現階段斤斤計較高出很多。 住商不動產企劃研究室指出，尤其一般民眾對政府的相關配套措施還不是很清楚，所以購屋者觀望心態濃厚，現階段市場成交量沒有很明顯的變化，此舉更加深部分業者的疑慮。寶成建設台北分公司總經理洪武龍表示，這次優惠房貸對高總價房屋的買氣不會有太大助益，重點應該會集中在一些低總價首次購屋產品上。整體來說優惠房貸可以解決餘屋問題，但是對一些格局不佳、地段不好、品質低落的「問題餘屋」沒有幫助。部分專家也認為，優惠房貸對市場景氣來說，短期會奏效，但長期看來甚至可能是一項利空，根據供需平衡原理，只有從總體供給量做管制才是治本之道。這種情況下，有心購屋的自住族群，除了對自己的未來幾年收支狀況先行做好完整規劃之外，選擇抗跌性高的路段進住，也是避免日後慘遭「斷頭」的良方，這段時間購屋者不妨盡量看屋，多做比較，以挑選出真正適合自己又優惠的房子，切勿一時心急，盲目購屋，造成日後遺憾。

【2000-08-20/經濟日報/24版/小本創業╱房市廣場　金銀島】

"
2000-08-22_79,"

優惠房貸效應 房市冷熱兩極
高雄低價個案人氣鼎盛 中高總價個案未受惠

【記者林政鋒╱高雄】

優惠房貸出爐，低總價個案人氣鼎盛，一些中高總價個案大嘆「生不逢時」，業者只有搭配更優惠措施或服務，才能有效出清，銀行態度更是保守，還是會慎選個案避免風險。政府提出振興房地產市場景氣的優惠房貸措施，高雄一些大型建商如長谷、寶成、太子建設等所屬的建築個案，早就摩拳擦掌極力爭取客源。但是部分中小型建商，如果留下的餘屋是屬於大坪數、高總價個案，就很可能會望天興嘆，難以有效去化餘屋，部分業者也有所抱怨。一家建商主管就指出，政府很多美意都因為急就章而打了折扣，如振興房地產市場景氣的方案也一樣，規劃不週全，前置作業時間也不足，不僅民眾、業界不了解，連配合的金融行庫也顯得意興闌珊，以致乏人問津。而就算是金融界的反應也不一，同時有銀行也抱怨還沒有接到公文，政府就要求銀行先收件，「效率」似乎也太高了些，並且相當擔心會承接到一些已經賣不掉的問題餘屋。部分銀行高層說，優惠房貸新政策經過仔細核算下來，對銀行來說獲利很小，所以配合意願才會不高，未來就算要辦，和一般房貸案一樣，都要慎選客戶。銀行主管說，高雄地區的房屋市場餘屋量居高不下，仍多達十餘萬戶，是國內重點「屋倉」所在，大部分的房地產業者都慘澹經營。而國內房地產市場景氣從民國82年開始走下坡，隨後節節下滑，今年上半年全國工業生產年增率中，房屋建築業生產指數較去年同期約衰退23%，即顯示國內的房地產市場景氣未有起色，所以往後對房市的貸款，還是要多所謹慎。

【2000-08-22/經濟日報/38版/商業脈動】

"
2000-08-23_20,"

《地方公論》
購屋負擔壓力

【地方公論】

據一家不動產業者統計，本縣的家庭年平均收入是一百十七點五萬元，房屋平均總價是二百四十五點六萬元，如果民眾不吃不喝，大約需二點零九年，可以買一棟房子。這樣的負擔壓力，在全台房地產市場較興旺的十八縣市中，排名倒數第四，僅比新竹縣、台中市、高雄市稍重。不過，這是用家戶總收入來計算的，民眾卻不可能不吃不喝來買房子。如果國民儲蓄率以百分之廿七計，一年可存卅一萬七千餘元，大約需七點七四年可買一棟房屋。若儲蓄以複利計，購屋時間會壓縮得更短些。縣民能輕鬆購屋，固和本縣民眾收入較高（全台排名第五），房價較低（全台排名倒數第五，連苗栗、屏東兩縣的平均房價都比本縣高）有關，但也顯示出本縣房屋市場是供過於求，以致房價下跌。據悉，房屋大量推出是因政府實施容積率管制，許多建商在公告前取得建照，之後急急興建銷售，以避免損失，結果市場胃納消化不及，搞得到處是閒置空屋。這些空屋中，雖不乏品質優良的，有賣掉的可能，卻也有許多粗製濫造的房子，終必去化無望，不僅是資源的浪費，在市場統計上亦失去了意義。

【2000-08-23/聯合報/18版/桃園縣新聞】

"
2000-08-24_81,"

優惠房貸激勵首次換屋族現身


【記者宋健生╱台中】

政府3,200億元優惠房貸上路，民眾反應熱烈，台灣省建築投資公會評估，銀行分配名單出爐後，額度可能在明年農曆年前用完，市場預料將以第一次換屋族為主流，民眾應把握在今年內完成購屋。青年優惠房貸配合一般性購屋低利貸款，上周推出以來，全省購屋市場皆引起不錯的正面迴響，上周末假期包括台北、桃園、新竹、台中、台南及高雄等地，都出現較以往多出六成以上的看屋人潮。台灣省建築投資公會理事長賴正鎰指出，在新成屋市場方面，最近民眾運用優惠房貸的意願頗為積極，而台北地區的購屋客，則以探詢3%的青年優惠房貸居多。鄉林不動產研究室表示，按87年1,500億元優惠房貸的使用情形分析，今年購屋貸款由於利率更低、貸款成數提高、且無對象限制，預料民眾運用的意願將比87年提高，3,200億元額度，可能在明年農曆年前就會用完。現階段各售屋現場來客反應，目前優惠房貸效益以第一次換屋族受惠最大，第一次換屋族約占來客量比例的一半以上，較熱門洽詢的房屋總價，則在400萬至600萬元間。顯見民眾在自有房屋比例提高後，也重視居住品質的提升。鄉林建設總經理魏嘉銘表示，3,200億元優惠房貸預料將帶動國內一波換屋熱潮，而換屋族所釋出的「舊殼」，則可望產生中古屋市場另一波熱絡反應，並促使國內房屋市場產生「住宅下濾」現象。所謂住宅下濾現象，是指有錢的人換房子之後，原有舊殼就會釋出，弱勢的購屋人也可以較低價錢購屋，就像寄居蟹換殼一樣，可以刺激房地產交易活絡。為了不讓換屋產品在這次優惠房貸熱潮中缺席，並減輕客戶舊殼換新殼間的房貸壓力高峰，鄉林英國個案最近率先提出貸款八成、自備一成、另外一成兩年後再分期償付的「提早升級專案」，預料會有愈來愈多建商跟進。

【2000-08-24/經濟日報/38版/商業脈動 】

"
2000-08-27_49,"

國壽 擬進入看護住宅市場
結合保單與醫療 解決部分老人安養問題

【記者孫中英╱台北報導】

國泰人壽總經理劉秋德昨天表示，因應台灣社會老年人口增加，長期看護的需求日益重要，國泰人壽將推動結合住宅及醫院網路的銀髮族看護保險市場。國泰人壽目前正在台北縣找地建立類似社區，將結合保單保障及醫療軟硬體，解決一部分老人安養問題。國人壽命不斷延長，但政府及相關單位，對老人安養及退休生活問題的安排，尚未建立完整的機制。不少壽險業者曾經考慮發展年金屋，解決部分老人安養問題，但是，有些年金屋缺乏醫療、文教等輔助設計，不見得合乎老年人口的需求。國泰人壽總經理劉秋德昨天表示，針對台灣人口高齡化及衍生的問題，國泰人壽已經規劃一年多相關專案，目前考慮在市場上推出的是搭配類似年金屋的長期看護專案，也就是透過長期看護保單與保戶結合，並提供保戶相關住宅及醫療網路，達到真正照顧高齡化人口的目的。劉秋德表示，國壽目前正在台北縣找地，霖園集團在台北縣板橋已設有醫院，因此，未來的看護住宅可能就在台北縣附近。劉秋德說，類似的專案，在美國市場已經推出，而且市場接受度極高，台灣目前市場需求已經浮現，國泰人壽等於同時拓展保單及不動產投資市場。至於單純的年金屋，劉秋德也明白表示，由於年金屋在日本實施不甚成功，因此，國泰並不考慮只進入年金屋市場，會以住宅結合醫療軟硬體的在宅服務為前提。另一方面，財政部保險司正積極規劃壽險業者參與長期看護險市場，劉秋德表示，結合看護與年金概念社區住宅，正可以彌補社會保險機制不全，也是壽險業該盡的社會責任。

【2000-08-27/聯合報/22版/理財】

"
2000-08-29_10,"

空屋九萬多戶 業者苦哈哈
房屋契稅也逐年下滑 業者盼政府提振 創造雙贏


【記者胡若梅╱桃園報導】

依據房屋仲介業統計資料表示，桃園縣的餘屋、空屋量高達九萬三千多戶，房屋契稅自八十五年迄今持續下滑，業者正在苦撐，期待政府的提振房市專案，能讓桃園縣的餘屋至少消化一萬戶。前立委、北區房屋仲介公司董事長游日正昨天參加桃園縣房地產促銷活動會議時表示，長期低迷不振的房屋市場，讓業者過了好幾個寒冬，振興房市刻不容緩。游日正說，根據北區房屋不動產研究室統計，桃園縣餘屋加空屋達九萬三千多戶，國宅也有二千七百多戶未銷售出去；另外，從法院每年法拍屋數量看，每年達一千八百戶至二千件。房地產持續不景氣的結果，造成政府稅收明顯減少。游日正說，八十五年的房屋契稅收入有十七億三千餘萬，八十六年降為十五億五千萬，八十七年再減至十四億五千萬，八十八年只有十三億三千萬；今年一至六月房屋契稅是四億九千萬，和去年同期相比，衰退百分之五十七點八九。游日正另將桃園縣和台北縣市房價做比較，公寓住宅方面，台北市每坪廿三萬至廿七萬，台北縣每坪八至十五萬，桃園縣蘆竹鄉南崁地區每坪六至八萬；華廈部分，台北市每坪廿五至四十五萬，台北縣每坪廿三至廿五萬，桃園縣也以南崁為例，每坪十至十二萬。透天住宅部分，台北市因數量少不具代表性，台北縣建坪五十五至七十坪，每棟約八百至一千五百萬，桃園縣每棟約四百至八百萬。游日正說，站在仲介業立場觀察，政府的三千二百億優惠房貸案出爐至今還沒把年輕族群引出來，有待政府進一步促銷行動，讓想買房子的買到新居，餘屋則順利脫手。

【2000-08-29/聯合報/18版/桃園縣新聞】

"
2000/08/02_3,"2000/08/02- [中時/財經焦點/06版] 


刺激購屋　行庫擔心逾放增加　避免重蹈前政府覆轍　業者建議勿干預銀行


                唐玉麟、朱珮瑛、張慧雯／台北報導　　為刺激房市，財政部擬推出﹁房屋貸款保證制度﹂，多家行庫業者指出，該措施，對消化餘屋有助益，也對行庫貸款多了一層保證。但最大後遺症是政府過於刺激民眾購屋，可能引來無償還能力者搶屋，易造成銀行逾放比增加，重蹈去年一千五百億元優惠房貸覆轍，行庫業者建議政府最好不要以政策面干預銀行授信貸款作業。　　據行庫主管透露，目前大型行庫房貸逾放比高達五％以上，與六月底整體全體本國銀行逾放比率五‧○二％略同，顯示各行庫的房貸壞帳相當嚴重，此與房市低迷，及失業率高，造成房貸戶償還能力欠佳所致。　　行庫主管指出，去年央行曾提撥郵政儲金一千五百億元優惠房貸案，誘使不少無償還能力的無殼蝸牛族搶額度，後來因景氣不佳，再加失業率高，房貸戶不但付不起本金，也不付起利息；更因房價走跌，導致賣屋價比當年購屋價還要低，逼使房貸戶一走了之，而承貸行庫法拍屋也不順，變為壞帳。　　對於財政部擬推出房貸保證制措施，由政府設立信保基金，由購屋者負擔保險費，自備款可降為至一成。行庫主管雖表示，政府的政策，他們樂觀其成，但私底下相當擔心政策面在干預市場機能。　　行庫主管強調，目前房貸戶向銀行可取得七成至七成五貸款成數，也就是說，房貸戶自備款要三成或二成五，其餘貸款由銀行提供。若財政部決定推出房貸保證制，房貸戶可取得八成五至九成，可減少購屋者自備款負擔，亦可刺激房市，有助於消化餘屋，銀行也多了一層保障。　　但行庫認為，這些房貸保證制措施，與過去政策性的優惠房貸一樣，將刺激無償還能力的民眾搶著買屋，並未自行冷靜評估長期房貸還款能力，易造成銀行房貸風險增加，逾放比增加隱憂，因此建議政府不要干預銀行授信﹁五Ｐ﹂原則，縱使該承貸戶有政府保證，但銀行自行評估該房貸戶並無償還能力者，仍不予以承貸。
                
                


    
"
2000/08/02_36,"2000/08/02- [工商] 


承保風險偏高產險業興趣缺缺　三年前太平產險虧損殷鑑，業者開辦意願不高


                張明暉／台北報導　　財政部有意推動並引進國外房屋貸款保險業務，以提高民眾購屋能力，藉此活絡國內房地產市場。根據財政部官員的腹案，該房屋貸款保險業務，係透過信用保證方式，減輕消費大眾購買房屋的自備款負擔，但產險業者認為這項承保風險偏高，開辦意願不高。　　產險業者坦承，三年前太平產險開辦一○九○專案，主要是降低購屋族自備款負擔，消費大眾購買房屋，由銀行提供七成房貸，太平產險提供二成的信用保險貸款，使消費大眾只需準備一成的自備款，其購屋的美夢即可順利達成。　　產險業者指稱，太平產險開辦上述一○九○專案，立即獲得銀行業、建築商及消費大眾的熱烈回響，申貸案件相當多，但由於該信用保證業務來源，多由銀行業掌控，接受消費大眾的申貸，房屋抵押權屬於銀行，產險業收取保費外，對於業務品質並無核保作業，使太平產險開辦一○九○專案，因損失率的上升，而承受鉅額虧損。　　此外，太平產險開辦一○九○專案的一年後，財政部以太平產險申請開辦該專案的過程，有一些瑕疵，而要求太平產險補件，重新審核，由於太平產險以購屋價的二成額度，提供信用保證服務，因購屋者無力繳交貸款本息，房屋遭查封，讓太平產險承受鉅額損失，被迫停止銷售該信用保證業務。　　產險業者坦承，經歷太平產險的一○九○專案事件後，國內產險公司對於購屋的信用保證業務，已列為承保風險偏高的業務。原因是，消費者的財力買不起房屋，即使降低自備款額度，但是隨之而來的貸款利息才是消費大眾的真正負擔，也是銀行業與產險業的經營風險。　　此外，產險業者認為尚有道德風險的問題，建築商利用人頭，向銀行及產險業申貸九成的購屋額度，藉此消化其賣不出的餘屋，已取回九成的房價，等於將該餘屋賣給貸款的銀行及產險公司。　　產險業者強調，這些購屋貸款者無力償還本息，銀行可查封該房屋，其抵押權屬於銀行，而參與提供二成信用保證房貸的產險公司，則是血本無歸，尚需承擔償還二成信用房貸的債務，這種高風險的信用保證業務，產險業者已表明意願不高。財政部日前曾邀請產險公會，討論上述信用保證房貸業務的開辦事宜，產險業者已適度表達無意開辦的立場。
                
                


    
"
2000/08/02_41,"2000/08/02- [工商] 


第２季大陸房價上漲一．一％


                第２季大陸房價上漲一．一％　　徐秀美／外電報導　　受到整體經濟面好轉刺激，價格已跌落甚久的大陸房地產價格開始有回升的趨勢。據中共國家計委、國家統計局最新調查顯示，今年第二季，大陸房屋銷售價格上漲一‧一％。　　據新華社報導，中共官方針對全國三十五個大中城市所做房地產市場調查顯示，個人購房比例增長帶動了商品房銷售價格，特別是住宅價格的上漲。第二季，商品房銷售價格上漲○‧五％，住宅價格上漲一‧六％。　　此外，伴隨舊房交易量增加，及部分地區調整公有住房成本價、取消公有住房出售優惠政策，第二季，舊房交易價格和公有住房銷售價格分別上漲二‧二％和二‧三％。　　調查指出，受房地產開發投資和土地開發面積增加，及中共中央控制佔用耕地和出讓土地推行拍賣方式等因素影響，今年第二季，土地交易價格有所回升。其中，居民住宅用地價格上漲Ｏ‧六％，商業、旅遊、娛樂用地價格上漲一‧一％。　　同時，房屋租賃價格上漲二‧七％，受一些地區上調公有住房租金的影響，住宅租賃價格比去年同期上漲一九‧四％，其中公房租賃價格上漲二三‧五％。由於市場供大於求，辦公用房、商業用房、廠房倉庫的租賃價格有不同程度下降。
                
                


    
"
2000/08/02_5,"2000/08/02- [工商] 


〈七夕消費熱線／飯店篇〉招攬情侶甜蜜過夜　港都飯店優惠促銷


                陳惠珍／高雄報導　　情侶相伴都期望長長久久，今年的南台灣各大飯店也推出象徵天長地久的房價招攬術，標榜全台灣最高樓的高雄晶華酒店，打出七夕甜蜜蜜專案，2人只需3999元，而高雄福華大飯店以中國情人節為賣點，推出總統級住房專案，含Ｋｉｓｓ九九婚紗情人照等，代價19999元，但均加10％服務費。　　看中在浪漫的七夕情人節，許多情侶們最愛到高處，欣賞織女星與牛郎星相會的美麗銀河，高雄晶華酒店推出七夕情人晚餐及住宿專案，讓情侶們在用餐及住宿同時，也可欣賞美麗的星河夜景。　　4日至6日，高雄晶華推出「七夕甜蜜蜜專案」，包括住宿一晚、2客自助早餐、2張75樓觀景台參觀券，及甜蜜巧克力只要3999元，除住宿外，6日當日各空中主題餐廳皆推出各具特色的情人晚餐，憑當日餐廳消費滿2千元，即可享有住房5折優惠（總統套房除外）。　　此外，在世紀末最後一個中國人的情人節，高雄福華大飯店亦於4日至6日登場「中式情人節住房專案」，強調中式七夕情人節的特點，在總統套房的佈置上，也以中國古典的裝飾為主，讓房客體驗中式情人節的氣氛。　　總統套房情人節住房專案，訂價19999元加10％元（取諧音「天長地久」），主要服務除總統套房一晚，客房服務的情人節套餐，免費贈送一份市價6千6百元的Ｋｉｓｓ九九婚紗中式遊龍戲鳳專業寫真情人照一套、房內情人花束、中國式情歌ＣＤ、玫瑰花瓣浴、每人一客自助早餐，另外，再加送2張墾丁歡魔城幻多奇另類博物館免費入場券，欣賞中國的兵馬俑展。
                
                


    
"
2000/08/02_68,"2000/08/02- [工商] 


推動房貸保證制 行庫怕被套


                推動房貸保證制 行庫怕被套可能引來無償還能力者搶購，容易造成銀行逾放比增加，反成為受害者　　唐玉麟、朱珮瑛、張慧雯／台北報導　　為刺激房市，財政部擬推出﹁房屋貸款保證制度﹂，多家行庫業者指出，該措施，對消化餘屋有助益，也對行庫貸款多了一層保證。但最大後遺症是政府過於刺激民眾購屋，可能引來無償還能力者搶購，易造成銀行逾放比增加，重蹈去年一千五百億元優惠房貸覆轍，行庫業者建議政府最好不要以政策面干預銀行授信貸款作業。　　據行庫主管透露，目前大型行庫房貸逾放比高達五％以上，與六月底整體全體本國銀行逾放比率五‧○二％略同，顯示各行庫的房貸壞帳相當嚴重，此與房市低迷，及失業率高，造成房貸戶償還能力欠佳所致。　　行庫主管指出，去年央行曾提撥郵政儲金一千五百億元優惠房貸案，誘使不少無償還能力的無殼蝸牛族搶額度，後來因景氣不佳，再加失業率高，房貸戶不但付不起本金，也不付起利息；更因房價走跌，導致賣屋價比當年購屋價還要低，逼使房貸戶一走了之，而承貸行庫法拍屋也不順，變為壞帳。　　對於財政部擬推出房貸保證制措施，由政府設立信保基金，由購屋者負擔保險費，自備款可降為至一成。行庫主管雖表示，政府的政策，他們樂觀其成，但私底下相當擔心政策面在干預市場機能。　　行庫主管強調，目前房貸戶向銀行可取得七成至七成五貸款成數，也就是說，房貸戶自備款要三成或二成五，其餘貸款由銀行提供。若財政部決定推出房貸保證制，房貸戶可取得八成五至九成，可減少購屋者自備款負擔，亦可刺激房市，有助於消化餘屋，銀行也多了一層政府保證的保障。　　但行庫認為，這些房貸保證制措施，與過去政策性的優惠房貸一樣，將刺激無償還能力的民眾搶著買屋，並未自行冷靜評估長期房貸還款能力，易造成銀行房貸風險增加，逾放比增加隱憂，因此建議政府不要干預銀行授信﹁五Ｐ﹂原則，縱使該承貸戶有政府保證，但銀行自行評估該房貸戶並無償還能力者，仍不予以承貸。　　對新政府明年擬推出三％優惠房貸案，以刺激房市。行庫主管說，這些低利貸款，對民眾有正面助益，但對行庫而言，並不是太有利，不但對行庫們的自有資金購屋貸款有排擠效應，且政策性房貸利潤微薄，他們承作並不是很願意。　　銀行房貸部門表示，近年來失業率上升，不少雙薪家庭變成單薪家庭，連首次購屋的貸款戶都出現無力繳息的情形，因此，銀行很害怕房貸戶自備款降低後，貸款戶抱著﹁反正原本也沒出多少錢就有房子可住﹂，萬一不喜歡或繳不起利息就放棄房子，到時候難保金融業不變成房地產業。　　因此，銀行業者建議主管機關，振興房市的觀念固然不錯，但仍須顧及金融業的風險，並進一步搭配配套措施施行才可能，否則，萬一讓無心繳納貸款的民眾也趁機買下房子反套在銀行身上，銀行豈不變成下一個受害者。
                
                


    
"
2000/08/02_69,"2000/08/02- [中時] 


降低自備款真有利於購屋？　嘉惠業者卻增加民眾風險　決策如何形成頗質疑


                呂紹煒／新聞分析　　二年前，國內本土型的金融風暴出現，政府痛斥出事的企業，以高額借貸從事投資，財務不夠穩健而終至出事。但今天，政府卻要率先﹁鼓勵﹂民眾從事高負債的經濟活動，新政府的決策品質，令人浩嘆！　　過去房地產業者為促銷，曾推出九成貸款的方案，除了銀行貸款七成外，另外兩成由業者提供資金。但此一作法卻被認為對購屋者而言，因貸款成數過高，風險反而升高。很可能表面上達成購屋心願，但最後可能因難以負擔房貸而被斷頭。　　因此政府以信用保險方式，讓民眾購屋自備款只要一成，到底是嘉惠購屋者，還是嘉惠房地產業者，卻提高購屋者的負擔與風險，恐怕仍有待觀察。如果以購屋平均總領六百萬元計，正常情況下貸款七成為四二○萬元，每月利息負擔大概已達三萬五千元到四萬元不等。如政府﹁德政﹂將自備款降到只要一成，購屋者負債將達五四○萬元，增加一八○萬元的負擔，每個月要增加一萬多元的負擔，每個月房貸負擔將接近五萬元。政府這種作法到底是嘉惠民眾還是害死貸款者？　　十年的房地產不景氣，傷害最大者當然是房地產業者，不但未能享有過去一日三市、投資報酬率數倍之暴利，房價的下滑、滯銷，也使業者經營困難。不過對一般民眾而言，至少已免除房地產飆漲時，收入永遠追不上房價的惡夢，房價更已緩步下滑。如果政府不推此政策，刺激需求，房價仍可望下降，購屋者亦不用擔負過高負債的風險。　　因此這項政策，嘉惠業者的成份，恐怕遠高於嘉惠購屋者。這項政策是屬於政府挽救傳統產業、提振房地產景氣的一環，不是明明白白的說明此一事實了嗎？　　其實如果只是要嘉惠購屋者，政府可以作的事還不少。法院的法拍屋不是在大排長龍嗎？政府如能加速去化速度，健全法拍屋制度，不讓海蟑螂獨享其利，是否有更多民眾可買到便宜的法拍屋？　　由新政府努力護盤股市、挽救傳統產業、振興房地產等政策來看，新政府的財經政策的確毫無新意。而其對市場的干預，較之舊政府有過之而無不及。新政府財經政策水平，令人扼腕。
                
                


    
"
2000/08/02_9,"2000/08/02- [工商] 


振興房市措施　建商全力支持　建議搭配低利優惠房貸專案


                蔡惠芳／台北報導　　行政院準備在八月提出的振興經濟景氣對策中，推動類似美國房屋貸款保險的制度，對於這項措施，包括霖園集團國泰建設公司、潤泰建設等房地產業者一日表示，行政院若能提出全套的配套措施，將可大幅降低購屋﹁門檻﹂從房屋總價的三○％降到一○％左右，將可提高民眾的房屋購買力；在此一情況下，政府若能再搭配一定金額的低利購屋優惠貸款專案，採﹁雙管齊下﹂方式對症下藥，對於目前低迷的房地產市場，將可發揮振衰起敝的作用。　　對於政府提振房地產的政策，潤泰建設在肯定之際，同時也建議政府，不妨把這套房屋貸款保險制度、搭配類似去年一千五百億元的低利優惠房貸專案，因為前者可降低民眾自備款的﹁門檻﹂、後者則可直接減輕民眾購屋貸款利息負擔，兩者若﹁雙管齊下﹂，對於刺激房屋需求將帶來加乘的效果。　　霖園集團旗下的國泰建設公司也表示，國泰建設十分支持政府計畫推動的房屋貸款保險制度，這種作法類似美國的購屋貸款保險，就提供房貸的金融機構、提供保險的保險公司、申請房貸的客戶、房地產開發商四者來說，都有好處，尤其能直接嘉惠消費者。　　國泰建設、潤泰建設、太平洋建設、太子建設開發、富邦建設等公司認為，今年房地產景氣比去年低迷，可是自用型購屋者仍有相當的購屋需求，如果這套房屋貸款保險制度能有完整的配套，諸如適用對象、一定額度的低利房貸補貼，將更能降低購屋﹁門檻﹂、刺激購屋需求。　　潤泰建設財務副總經理葉天政表示，財政部提出的房屋貸款保險制度，在台灣其實並非首創，兩年前建築業界曾一度興起與產險公司策略聯盟、提供九成房貸的風潮，即銀行提供七成房貸、產險公司提供另外兩成，消費者只付一成自備款即可買房子，當時﹁買房子、送產險﹂的廣告噱頭，雖然吸引不少客戶，可是卻因銀行收到的自備款太少，客戶在房價﹁直直落﹂之際，乾脆自願﹁斷頭﹂讓銀行收爛攤子，而被財政部以﹁道德勸說﹂方式下令禁止。　　不過，葉天政認為今年時機不同，房價再重挫的機會已不大、消費者自願斷頭的機率也相對縮小，因此對於銀行來說，不動產抵押品還在，對於保險公司來說，只要就消費者的自備款理賠給銀行，對於購屋客戶、建商來說更有幫助，因此一旦政策上路，潤泰建設也會勇於嘗試，與保險公司合作促銷房子。
                
                


    
"
2000/08/03_37,"2000/08/03- [工商] 


房屋貸款保證制度應再商榷


                為了振興房地產市場，行政院正積極研擬﹁房屋貸款保證制度﹂，擬降低購屋者的自備款成數至一成，並由政府編列保險預算，將風險轉嫁給國內外保險機構負擔。而全國工業總會則向政府建議，提撥五千億元辦理低利房貸，以有效振興房市。　　政府研擬之﹁房屋貸款保證制度﹂，與陳水扁總統大選前提出﹁青年購屋利息三％﹂的主張有關。行政部門研究後認為，利息補貼所需經費龐大，例如辦理一千億元低利房貸，利息補貼四％，則未來每年需編列四十億元預算支應，不但在財政上無法負荷，在立法院也很難過關。也因此行政部門改口稱，青年無力購屋，關鍵不在利率高低，而在無法籌措足夠的自備款。因此乃研擬房貸保證制度，將購屋自備款降至一成，其他二成由政府︵或政府指定之機構︶保證。而貸款戶必須繳交若干保險費︵例如一％︶，這樣政府的負擔不致太重，立法部門也不致反對。美國在一九三○年代即建立房貸保證制度；而我國過去為協助金融市場的弱勢族群，也曾先後設置﹁中小企業信保基金﹂、﹁農業信保基金﹂及﹁華僑信保基金﹂。現在為協助青年購屋而建立﹁房貸保證制度﹂，看起來似無可厚非。　　但如深入探究，將發現目前推動這一制度將弊大於利，因為政府著眼點是為房市護盤。首先，這類政策性保險或保證制度，通常會帶來很高的﹁道德風險﹂問題。目前銀行房貸之成數約七成，並以房地產作抵押，但仍有許多不肖建商找人頭戶並勾結銀行員，高估房價取得貸款，得手後拒繳本息，使銀行房貸呆帳三級跳增加。政府一旦開辦房貸保證制度，由於可貸額度由七成提高至九成，如吃倒帳政府︵或保險機構︶須負擔二成損失，因此前述人頭戶超貸案會明顯增加。為反映風險，保費也不會太便宜。這將使得﹁來者不善，善者不來﹂的情況發生，正常購屋者不會申請此種房貸保證，而上門者則多屬高風險客戶群。　　對購屋者來說，自備款由三成降為一成，會誘使許多財力尚不充分的購屋者提早進場。但因房貸成數高達九成，且須額外支付保險費，因此買了房子開始支付貸款，問題才真正浮現。過去十年來，政府為振興房市，多次推出優惠房貸方案，或者降低房貸利率，或者提高房貸成數及期限，但配合政府政策進場的購屋者，無不慘遭套牢，損失非常慘重。許多人因為房屋市價已低於房貸金額，在沉重財務壓力下選擇拒繳房貸，不但其本人信用受損，銀行房貸逾放亦如滾雪球般增加。如今政府又重施故技，降低自備款額度至一成，此舉猶如政府為股市護盤而不斷提高融資比率。現今股票融資比率為六成，股市下挫聲中已有許多融資戶﹁斷頭﹂出場。如房貸比率提高至九成，則未來﹁被迫﹂或﹁自動﹂斷頭之房貸，將更容易發生。　　對房地產業者來說，政府此舉應屬﹁短多長空﹂。因為房貸保證制度會使許多購屋條件尚不充分的年輕人提早進場，猶如﹁竭澤而漁﹂或﹁揠苗助長﹂，將影響房地產長期健全發展。　　綜合以上分析，我們認為政府不應為房地產護盤，其理由與政府不應為股市護盤，並無二致。因為政府執意干預市場，擾亂市場供需與調整機制，在短期間或有些許效果，但長期間股市與房地產的價格與景氣，勢必要回歸基本面。現今國內股市總市值達十三兆元，為三級政府總預算的六倍。政府投入鉅額資金為股市護盤，效果越來越低，更何況房地產的總市值是股市的好幾倍？　　實際上，政府利息補貼及自備款額度，對購屋者言，都是次要考慮因素。只要房價跌到適當價位，自用型及投資型購屋者會自動進場，無需政府政策性指導。政府刻意採取振興措施支撐房價，對購屋者而言反而最不利。就全國資源與資金最適配置觀點言，目前房價仍屬偏高，否則為什麼仍有許多建商大量推案，背後原因當然是蓋房子仍有利可圖。政府不斷以政策性補貼措施，將資金導入房地產市場，支撐房價，會使餘屋量不斷累積，空屋問題更為嚴重。全國建商、金融業與民眾，將更多資金與資源套牢在房地產，這對長期經濟發展有害無益。甚盼新政府及早從股市及房市護盤泥淖中抽身，否則各式各樣的財政、金融併發症將沒完沒了。
                
                


    
"
2000/08/03_66,"2000/08/03- [中時/財經焦點/06版] 


能繳九成房貸會買不起房子　民眾不足的不僅是購屋現金更怕的是利息負擔


                羅兩莎／新聞分析　　行政院擬透過保證制度，將購屋自備款降至一成，以期藉此刺激國內房市景氣；不免讓人想起數年前曾風行一時，最後財政部以風險太高，指示保險公司停辦的﹁九成房貸﹂業務。　　事實上，造成國內房地產不景氣的因素很多，包括政府多年前推動的建蔽率等政策，導致建商大肆搶蓋，進而造成房地產供過於求，再加上過去數年來國內經濟不景氣、失業率走高等；而最關鍵的是：房價過高，購屋者購屋負擔過重。　　政院為刺激低迷不振的房市景氣，有意讓一度轟動一時的九成房貸﹁重現江湖﹂，此一政策是否值得推動，行政部門似有必要做進一步估計；而事實亦證明，購屋貸款成數越高，授信風險越大。同時，對於購屋者而言，降低自備款成數未必能解決購屋問題，甚至可能導致銀行和購屋者同時陷入困境，尤其是對於本來購屋能力薄弱的購屋者，即可能生活在水深火熱當中。　　事實上，降低購屋自備款、提高貸款成數，只是讓購屋者負擔更重，未能解決民眾買不起房子的問題，以一棟價值六百萬元的房子為例，貸款利率為七‧七％、貸款年限為二十年，貸款成數為七成，貸款金額為四百二十萬元計算，貸款戶每月必須繳納三萬四千三百五十元的本息。但是，倘若貸款成數提高到九成，貸款金額為五百四十萬元，儘管貸款的利率、年限相同，但保守估計，貸款戶每月至少必須繳納四萬四千一百六十五元的本息。　　值得注意的是，一般而言，若是採取保證制度，換言之，其餘的二成貸款是屬﹁消費性貸款﹂，貸款年限最長僅七年；換言之，貸款戶必須在七年內償還信用保證的貸款，如此一來，貸款戶每月的負擔將更重，估計每月繳息金額將跳升至五萬二千八百七十五元。試問，如此沉重的負擔，一般受薪階級，能否負擔得起？看來，行政院部門在推動相關政策時，事先應考量到的是﹁實用性﹂的問題。
                
                


    
"
2000/08/04_27,"2000/08/04- [中時] 


振興房市措施　學者疑下錯藥　與其說在救營建業不如說是救金融業


                侯南芬／台北報導　　房地產不景氣問題有多嚴重？政府該不該提出振興房市措施？學者昨日指出，台灣房地產市場不景氣已長達十年，一半以上的建商已經倒閉，政府現在振興房市政策是權衡未來社會成本支出下﹁兩害相權取其輕﹂，主要不在救營建業，而是救金融業。如果政府放任不管，勢將引發新一波的本土型金融風暴，使經濟陷入衰退。　　但學者也表示，以信用保證貸款制度將民眾購屋自備款降至一成，根本不可能發揮帶動房地產業的效果，反而只是讓購屋者﹁跳火坑﹂。淡江大學產業經濟系副教授暨不動產交易安全策進會理事長莊孟翰指出，提振房市短期奏效的機會不大，政府應從中長期政策著眼，雙管齊下，一方面停建國宅、勞宅，將供給面降到最低，同時在需求面提供優惠利率補貼，一年若能消化六、七萬戶的餘屋，二、三年內效果就會顯現。　　行政院研商中的振興房地產市場方案廣受外界質疑，但莊孟翰指出，政府毫無風險管理概念，對產業景氣風險未能及時掌握。在財政困難下，多年來僅在去年初提出一千五百億優惠房貸措施，問題拖到今天，營建業已病入膏肓。　　台灣大學財務金融系教授周國端指出，理論上大家都知道營建業已非產業火車頭，已衰退的產業應讓其自然淘汰，降低房價到合理水準才是解決房地產不景氣的根本辦法。但問題是，如果放任房地產業者倒閉，快速失血的結果，台灣的經濟能否承受得了？　　莊孟翰說，北縣房價已跌了二、三成，基隆、桃園、中南部的房價至少跌了四成以上，但可怕的是，即使跌價，房子還是賣不掉。他認為，現在就算要救建商也救不起來了，拖了這麼多年，大多數建商現在即使把餘屋賣掉，也仍會倒閉關門。因此他指出，現在政府已非救營建業，而是救金融業，希望至少將房地產市場維持一定常態；政府現在提供利息補貼算是花小錢，否則一旦金融風暴爆發，成本恐怕更高。　　但周國端與莊孟翰都批評，利用房屋貸款保證制度將購屋自備款降至一成，根本無助於解決問題。周國端指出，這種作法有很高的道德風險。
                
                


    
"
2000/08/04_45,"2000/08/04- [工商] 


台灣地區空屋總值約三兆元　學者建議建築業降價求售，以消化餘屋


                蔡惠芳／台北報導　　行政院即將在下週宣布具體的振興房地產景氣方案，根據國立政治大學企業管理學系、房地產研究中心的調查，保守估計目前台灣地區空屋至少六十萬戶到近一百萬戶，浪費的空屋資產總值約達三兆元；站在﹁存貨管理﹂的角度來看，相當於每年要花六千億元的管理成本，嚴重危及建築業和金融機構。若政府實施房屋貸款保險制度，粗估要花三千億元預算當作擔保金額，因此，建築業倒不妨適度仿照最近內政部營建署把國宅﹁降價求售﹂的作法，以消化餘屋。　　政治大學企業管理系教授林英峰表示，目前台灣地區的空屋總值達三兆元，這些浪費的資產均處於未流通狀態。　　林英峰表示，站在﹁存貨管理﹂的角度來分析，台灣必須為這些空屋存貨，付出總市值二○％到三○％的管理成本，相當於每年要花六千億元，因此相當浪費社會成本和資源。　　這項數字是以內政部營建署，及委託政大房地產研究中心調查的台灣地區空屋戶數推估，調查結果發現目前台灣空屋戶數大約在八十萬戶到一百萬戶間；至於﹁民間版﹂的空屋戶數，約五十萬戶到六十萬戶左右。若以每戶市值三百萬元到五百萬元推算，積壓空屋庫存總值約一兆五千億元到三兆元間。　　若按財政部提出的房貸保險制度，補貼兩成保險預算，讓消費者負擔一成的房貸，那麼推估政府要擔保的金額達三千億元。　　淡江大學產業經濟系教授莊孟翰表示，台灣不動產市場與金融機構息息相關，景氣低迷最大的關鍵還是在於﹁超額供給﹂，政府再不對症下藥，恐將會拖垮金融體系。　　莊孟翰指出，根據研究，三十六家營建業上市上櫃公司有七五％的股價，低於每股十元以下；五十家上市上櫃金融機構中，則有四○％，股價低於十元。　　另外，營建類股的流通資產總值，在八十六年十二月卅一日，共五千三百四十七億元，但八十九年六月卅日已﹁縮水﹂到剩下一千八百廿一億元，只有兩年半前的三分之一。　　至於金融類股的流通資產總值，八十六年底總共有三兆多元，現在只剩下一兆八千一百四十九億元，剩下五九％。然而相對於時下當紅的電子高科技類股，不到三年間卻成長二．六六倍，莊孟翰指出，房價在供需失衡下急速重挫，最大受害者是銀行，所以最新的金融機構逾期放款總餘額已超過七千億元，顯示房地產景氣低迷拖累金融體系非常嚴重。　　莊孟翰主張，目前行政院不論是降低自備款、或提供五．五％優惠房貸，固然是有效刺激購屋需求的短期措施，可是政府財源勢必更加拮据，最好而直接的方式，是建設公司減少推案，並比照營建署把滯銷國宅降價求售，讓市場機制汰弱換強。　　最近，營建署興建的國宅，也搶著降價出清。根據營建署統計，八十四年興建迄今未出售的滯銷國宅，共一萬零五百一十二戶，集中在桃園等四個縣市，房地產業者指出，桃園龜山一帶的國宅行情，已跌到每坪十二、三萬元，不但面臨滯銷、反而比民間住宅貴，因此國宅促銷勢必讓政府血本無歸。有學者認為，建商也應有再降價的空間，不能完全仰賴政府放利多而不自救。
                
                


    
"
2000/08/04_53,"2000/08/04- [中時/財經焦點/06版] 


蝸牛聯盟：政府應引導空餘屋釋出　與其讓人勉強進場套牢不如加強租屋補貼


                周慧如／台北報導　　蝸牛聯盟三日指出，政府為刺激房市所提出的措施，極易誘導購屋能力不佳的無殼蝸牛勉強進場套牢，增加付不出龐大利息而被斷頭的風險，是把風險移轉給購屋者與銀行，政府應引導建商或銀行釋出百萬空餘屋，並以租屋補貼取代購屋補貼，才能協助無殼蝸牛解決住的問題。　　財經部會推出的青年購屋優惠貸款，有意提撥郵政儲金一千億元，為首次購屋者提供六．三五％的優惠利率，並擬以信用保證機制，將自備款成數自三成降至一成，以刺激房市買氣。消息傳出後，蝸牛聯盟卻斥之為﹁無效﹂的措施。　　該聯盟表示，房市買氣不振，被套牢的建商硬是不肯降價出售，因此房價還未跌到谷底，政府此時鼓勵購屋將造成消費者進場買到不合理價位的房子而被套牢，新政府應擴大並健全租屋市場，才是實惠有用的方案。　　該聯盟指出，政府歷年的住宅補貼有九七％集中在購屋補貼，三％用於房租津貼，若以購屋支出佔所得比為六○％為進場購屋的標準，以台北市為例，約有五五％的家庭享有九七％的補貼津貼，但有二○％至二五％較低收入戶享有三％的租屋津貼，呈現嚴重的不公平現象。　　該聯盟呼籲，新政府應落實陳總統競選時與蝸牛聯盟簽下的政住宅政策支票，包括比照購屋貸款利息扣抵所得稅，租金抵扣額度應達卅萬；成立租屋補貼基金，照顧弱勢族群；運用租稅獎勵和行政資源，導引建商或銀行釋出百萬空屋，作為平價出租住宅，並成立法人機構監督管理。
                
                


    
"
2000/08/05_19,"2000/08/05- [工商] 


政策釋利多下半年房市生機乍現　太子、國建、太設、三圓加快推案腳步


                蔡惠芳／台北報導　　下週行政院院長唐飛將宣布振興房地產景氣政策的具體措施，房地產業預期一旦政策走向明朗化，第三、四季房市觀望氣氛可望消弭，太子建設開發、國泰建設、太平洋建設集團、三圓建設等公司，正加快下半年的推案腳步，一般預料，這次政府採取的房地產利多政策，可望為下半年房市注入甘霖，而下半年的推案時機將會比上半年明朗化；但是股市跌跌不休，對於大坪數高總價產品市場，會有一定程度的影響。　　從總統陳水扁、行政院院長唐飛到各部會閣員，最近對不動產市場不斷發出各項利多的訊息不少房地產業者預期，，未來房市將會打破陰霾、消弭觀望氣氛，也有助於中低總價住宅市場提振買氣，因此不少業者紛紛加快下半年的推案腳步，以衝刺今年的業績。　　太子建設副總經理羅順來表示，太子最近先推出中壢﹁太子國際村﹂先建後售案，可售六百戶全部由關係企業萬通商銀提供前兩年的五．九五％低利房貸，貸款額度九○％，以每坪九萬九千萬元的平價策略，銷售擁有五百坪休閒俱樂部、水療館ＳＰＡ、光纖寬頻網路的社區，不到兩個月已出售一百五十戶，算是不景氣下不錯的成績。　　太子建設開發副董事長莊南田指出，行政院將在下週公布具體振興房地產措施，基本上對於恢復民眾購屋意願有極大的幫助，觀望氣氛也隨著政策明朗化而消弭；然而就建商本身來說，不論景氣與否，產品﹁基本面﹂最重要。　　莊南田表示，太子一向走先建後售模式，所以房屋品質看得到，銷售也相對較有把握，預計下半年太子將推出中壢﹁太子國際村﹂、南崁﹁太子香格里拉﹂、台中﹁地球村﹂、台南﹁太子龍﹂，以及彰化﹁太子哈佛﹂等新案，總計案量高達九十億元，預計營收可達五十億元。　　國建表示，今年上半年房價和土地行情，也應該是谷底，在政策利多釋出後，未來價格重挫空間已經不大了，因此國建也開始﹁逢低買地﹂，可是購地策略卻改弦易轍、集中在台北市精華地段買土地，最近已陸續買了三、四塊。　　此外，太平洋建設今年計劃推案量，預售加新成屋總共一百億元，上半年已推出廿六億元的﹁天母真園﹂，走﹁數位健康名宅﹂路線，下半年天母還有一處佔地兩千多坪的住宅案，將與日本大成建設合作，以耐震新工法施工，並採用日本TOTO機械工業集團的抗菌磁磚，以區隔市場、提高住宅附加價值和賣點。　　三圓建設最近也集中火力、加速推出新店﹁天闊﹂。代銷公司新聯陽實業副總經理宋景文表示，行政院準備公布利多政策勢必會讓暫時觀望的消費者開始進場，對於房市買氣會有一定的幫助，但是建商也相對得加強產品競爭力，不能光靠政府放利多。　　宋景文表示，現在是﹁個案表現﹂時代，消費者買房子都精挑細選，詳細比較產品、價格、地段和軟硬體設施等，因此新完工的﹁天闊﹂，就綜合了特約家庭醫生、台北縣第一座採ＳＲＣ結構的水岸住宅、採一百七十六根基椿深入地底岩盤、十三萬株植栽、一百廿坪社區英語幼稚園和日式宅配等特殊軟硬體設備，但是每坪造價比一般ＳＲＣ貴三成。
                
                


    
"
2000/08/06_38,"2000/08/06- [中時/台北焦點/17版] 


飯店大爆滿　套餐座無虛席　住房預訂一空


                陳盈珊／台北報導　　今天日才是七夕中國情人節，不過，由於昨日適逢週末，許多想避開人潮或是希望讓情人節的浪漫維持得更長的情侶們，都搶在昨日提前渡過情人節，使得情人節的氣氛昨日就已熱烈顯現。各飯店、有氣氛的餐廳推出的情人套餐都出現熱賣情形，而價位不低的住房專案也在風氣漸開之下，有不錯的反應。　　去年才加入台北市飯店之林的The Westin Taipei六福皇宮，一向以精緻的質感為訴求，推出的情人節套餐也走高貴路線。該飯店公關經理劉春豪表示，不僅七夕當天的午晚餐訂席情況熱烈，事實上，昨日就開始湧現過節人潮，加上慶祝父親節的家族聚會，各廳幾乎都是座無虛席。　　不過，劉春豪指出，較令人意外的是該飯店配合推出的天堂住房專案，也有十分熱烈的迴響，號稱全台北最高貴的房價，還是不能阻擋有情人的腳步，特別是今年七夕遇上了週末，更是讓情侶們無法拒絕如此浪漫華麗的專案。比較特別的是，劉春豪說，過去會選擇住房專案的消費者，年齡大約在卅以上，今年卻以廿五至廿八歲為消費主力，而且其中不乏正炙手的科技新貴。　　根據飯店業者的觀察，今年情人節出現的特別情形是走高貴路線的反而銷路好，而低價促銷反應不如預期，與其他節慶大相逕庭。像是在台北幾乎是高級法國菜代稱的亞都麗緻法國廳，也是好幾天前就已被預定一空，而走雅緻路線的蜜月套房專案同樣也在不少業者喊冷的情況下，出現大爆滿的盛況。
                
                


    
"
2000/08/06_60,"2000/08/06- [中時/台北都會/18版] 


學生宿舍荒崔媽媽籲早因應


                簡文燦／台北報導　　大學錄取率年年升高，宿舍普遍不足，放榜過後，住宿何處尋？崔媽媽租屋服務中心提醒上榜新鮮人、家長，及早因應。　　崔媽媽租屋中心五日表示，每年大學聯考放榜後到開學前，都是學子找房子的旺季。近年因新設私校日多，改制專校也多，雖提高大學聯考錄取率，但因各校宿舍供給率未增，大學生外宿率已節節升高，不少新鮮人和家長們，最近更為開學後住宿﹁房事﹂頭疼。　　該中心指出，根據八十六年統計，全台大專院校學生校內住宿率約三分之一，寸土寸金的台北市卻僅五分之一，隨著近三年來新設、改制院校增加，宿舍不足問題日趨嚴重，私校宿舍不足情形尤令師生﹁談屋色變﹂。　　崔媽媽中心分析，擁有近廿所公私立大專院校的台北都會區，各校學生住宿區域分佈約可分為台北市南、北區和北縣等三大區域範圍。每個地區學生外宿雅房價碼均不相同。　　根據八十九年上半年度北市房東期望的每月租金行情調查顯示，以松山區的六千一百四十五元最高，最低的文山區和北縣新店相當，略高於五千元；淡水、中永和地區平均要四千九百多元，一年下來租金數十分可觀。　　此外，若能找到一個好房東，或嘗試選擇人品、作息、志趣和自己合得來的好室友共同分攤租金，也是新鮮人和家長找屋、看屋過程不可輕忽的原則。
                
                


    
"
2000/08/07_77,"2000/08/07- [工商] 


陳博志：優惠房貸將加快房市軟著陸


                陳博志：優惠房貸將加快房市軟著陸政府不能施壓讓房價下跌，但藉由﹁振興房市方案﹂有助於餘屋去化，可使市場儘速調整　　陳俊光／台北報導　　經建會主委陳博志表示，房價不下跌與餘屋過多同時存在的問題，是因為政府不能施壓讓房價下跌，否則房地產市場失靈將造成金融市場失靈，可能會引起金融風暴，所以，政府長期以來的政策，就是希望房地產市場﹁軟著陸﹂，政府推出﹁振興房地產市場方案﹂，只是加快房地產市場軟著陸的速度。　　陳博志表示，房地產市場不景氣多年，拖累了總體經濟，經建會與相關部會研擬﹁振興房地產市場方案﹂，本來希望在上周行政院長唐飛赴台中聽取業者建言後，當場就可以宣布相關方案，但是，因為對包括優惠房貸等措施意見不一，所以須等到周一行政院討論後宣佈。　　陳博志表示，過去政府推出很多政策，都不是要救建商，而是希望漸進調整市場，讓市場合理化。因為十多年前泡沫經濟的結果，造成房屋大量興建，短時間內無法解決，有人質疑為何餘屋過多，房價卻不下跌，但是，餘屋過多與房價不跌情形同時存在，是因為建商將房屋抵押給銀行，建商賠本求售並無好處，且一處跌價，會帶動其他地區一起跌價，建商不願意降價。　　而且，如果房地產市場失靈，會引起另外一個市場失靈，就是金融市場，銀行會遭受損失，故政府長期以來都不施壓讓房地產市場下跌。陳博志並指出，房地產下跌，對於一般民眾也不好，對於想賣屋者會有損失。　　陳博志指出，政府政策是幫市場調整，不是借錢給建商，是希望讓兩種購屋需求增加，一種是有能力購屋但自備款不足的年青人，透過貸款保險降低自備款，提早購屋；另外則是雖然有自備款，也有能力支付利息，透過降低利率，讓他們更願意提早購屋。　　陳博志表示，優惠房貸是要增加需求來消化市場餘屋，讓市場調整速度加快，也就是加速讓房地產市場軟著陸。而且優惠房貸不會排擠市場資金。因為自從金融風暴以來，金融業放款成長趨緩，過去每年整體金融業新增放款約佔ＧＤＰ的八％到一○％；故推出優惠房貸，在目前資金寬鬆下，不會排擠其他資金，而銀行增加放款，對總體經濟也有幫助。　　陳博志表示，傳統產業的困境部份與房市不景氣有關，造成銀行不願意對傳統產業放款，如果解決了傳統產業不動產的貸款，傳統產業信用增加，也更容易取得資金。　　此外，營建業從餘屋中解套後，仍有公共工程、九二一災後重建及公共工程，可以讓業者有生意可做，需不需要繼續再蓋房子，業者自己可以評估。
                
                


    
"
2000/08/10_14,"2000/08/10- [中時/產業與生活/24版] 


房貸利多大台北500萬元住宅搶手


                【蔡惠芳／台北報導】　　行政院公布振興房市景氣三項優惠房貸方案後，房地產業預期，大台北地區總價五百萬元的住宅，將相對最搶手，但是在台北市區僅有小套房標的在總價五百萬元以內，其他標的物大多分布在台北市郊區及台北縣。　　日前行政院院長唐飛公布振興房市景氣措施，深受消費者關切，不少建設公司、房屋仲介公司都接獲民眾詢問電話。以往屋美價廉的﹁超值屋﹂，向來就是買方積極尋找的熱門標的物。預料行政院優惠貸款上路後，將大量吸引潛在購屋者進場。　　根據永慶房屋調查發現，大台北地區的﹁超值屋﹂，大多集中在台北市區的小套房；另外，台北市郊及北縣的一般住宅，也普遍找得到總價五百萬元左右。　　在三種優惠貸款方案中，三％優惠貸款有中低收入戶的限制，一般中產階級申貸不易。　　第二種青年優惠房貸及保證方案，不但利率低、額度高，適用對象又比三％青年購屋專案寬鬆，因此適合一般的首購族群。　　以台北市四百五十萬元的貸款上限來看，房屋總價約為五百萬元，消費者可選擇的房屋總價約可在六百萬元以內；至於北縣，適用額度為三百五十萬元，若貸滿其房屋總價約為三百九十萬元，可選擇的房屋總價約可放大在四百五十萬元以內。　　至於一般優惠方案，由於優惠額度較低，因此適用任何總價的房子。　　北市房價的抗跌性向來居全省之冠，因此在房市不景氣的這幾年中變化有限，在北市市區中撿便宜並不容易，五百萬元至六百萬元的房子，大多為老舊社區如萬華、大同區等；至於市區精華區則以小套房、公寓的選擇性較高。　　目前，台北市區的小套房，平均單價大約在每坪二十五到三十四萬元間，房價水準偏低，議價空間很大；公寓則以舊社區較多，諸如吳興街、健康路、撫遠街。　　在北市郊區與其他縣市交界附近，也通常為該郊區房價較低的路段。　　在台北縣方面，總價四百萬元到六百萬元的推薦路段，主要在板橋市、中和市、永和市、新莊市及土城的主要路段。　　另外，購屋者也不妨從議價方面著手，一方面降低購屋成本，一方面也減輕貸款負擔。
                
                


    
"
2000/08/10_8,"2000/08/10- [中時] 


鬼月房市促銷建商撒銀子　買房子送裝潢不夠看百萬現金摸彩折抵房價


                【林秀麗／高雄報導】　　農曆鬼月購屋禁忌，對房地產市場雪上加霜，為了吸引潛在購屋者上門，不乏建商以﹁買房子送裝潢﹂為誘因，財力雄厚的太子建設一向以﹁先建後售﹂方式售屋，為了出清餘屋，選定於高雄五處個案舉辦購屋摸彩促銷活動，一百萬元現金摸彩中獎機會有十分之一。統一集團關係企業的太子建設，挾其雄厚財力後盾，建屋銷售方式一向不採一般建商的預售制度，而以﹁先建後售﹂、﹁不二價﹂訴求，讓購屋者在﹁品質看得見﹂情況下選購房屋。　　據業者統計，高雄空屋量約八萬戶左右，鑑於房地產市場大環境不景氣，太子建設個案雖然平均銷售率約六、七成，但仍有餘屋待出清。太子建設高雄分公司經理林金源表示，該公司於高雄地區興建的﹁太子臻品﹂、﹁太子殿廈﹂、﹁夏綠第﹂、﹁茵夢湖﹂及﹁優聖美地﹂等五個案，合計總戶數近千戶，目前還有餘屋約一百五十戶，決定以特案方式出清。　　太子建設自八月份起至十月卅一日推出﹁爆發富﹂促銷優惠方案，僅限高雄地區的上述五個案購屋者有效，舉辦百萬元抽獎活動。購屋者只要於活動期間內簽約完成購屋，就可以參加現金折價摸彩，每滿五戶由太子建設提供一名五十萬元現金折價抽獎名額，滿十戶再提供一名一百萬元抽獎名額。　　換算抽中一百萬元的機率是十分之一，抽中五十萬元的機率是五分之一，亦即購屋者如果購買五百萬元的房屋，抽中一百萬元現金折價，不必殺價，房價變成四百萬元，在房地產促銷招數中可謂創舉。　　此外，活動期間同時舉辦每半個月舉行一次﹁全民樂透﹂家電用品抽獎活動，已購屋者有機會抽中搬新家所需的電視機、電冰箱、床罩組、電腦自動沖洗馬桶等﹁入厝禮﹂，在建商促銷預算中十分大手筆。
                
                


    
"
2000/08/11_29,"2000/08/11- [中時] 


眷村改建會繼續辦理　親民黨盼新方案不應排擠既有政策


                【樊嘉傑／台北報導】　　經建會主委陳博志昨日表示，眷村改建是依眷村改建條例辦理，依法不能停止，他並承諾原有權益不會改變，甚至將來可能再增加給眷戶的選擇。　　親民黨立法院黨團昨日邀請中央銀行總裁彭淮南、經建會主委陳博志、財政部次長陳，與黨團成員進行早餐會談，就行政院所提的振興房市方案進行討論，會後親民黨立委轉述會中陳博志的談話。　　會後由黨團總召集人陳振盛提出說明。他指出，在供需與價格方面，行政院版偏向調節供給面，以控制餘屋的成長﹔但親民黨團認為房價降低將更能改善餘屋問題，並且更能照顧到一般民眾的需求。　　以停建國宅、勞宅及眷村改建來壓縮供給面的做法，反而會讓房價居高不下，請行政院再作檢討調整因應。特別是對於弱勢族群，如原住民、災民的房貸，應納入計劃辦理。　　陳振盛強調，黨團要求政府的新方案不應排擠原有既定的政策與計劃，無論是利息補貼、信用保證等等方案措施，都不應以排擠現有的政策為代價。
                
                


    
"
2000/08/11_50,"2000/08/11- [中時] 


國宅降價促銷　僅剩百餘戶　有意購屋者手腳要快一些　以免向隅


                【侯明俊／基隆報導】　　基隆市國宅在去年曾舉辦降價促銷過，因此所剩餘屋並不多，滯銷不嚴重，在全省各縣市中算是績優，國宅局有把握可將剩下的戶數全部賣出。　　雖然基隆市國宅並沒有滯銷情形，但民間興建的成屋就滯銷相當嚴重，根據內政部營建署的統計，基隆市民間餘屋︵包括空屋︶達二萬九千多戶，與國宅只剩下一百餘戶的空屋比較，差距比率頗大。　　民國八十年初由於受到台北地區住宅需求及房價高漲影響，基隆市住宅在建商﹁推波助瀾﹂下，推出大量住宅區建設，在供過於求下，房價開始跌落，餘屋慢慢增多。　　在國宅方面，市府國宅局表示，基隆市國宅的總戶數為八千八百零二戶，其中安樂區有四千六百廿六戶，佔總戶數一半以上，其餘如成功、中正、博愛、正榮等老國宅早就賣光了。　　國宅局說，目前仍剩下的國宅餘屋分別是四期二標有五十六戶︵共四百四十八戶︶、四期三標九十二戶︵共五百零一戶︶、光華國宅有十戶︵共一千零二戶︶，三期六標有十戶為店面非住宅︵共二百八十戶︶。　　國宅局表示，基隆市的國宅銷售順利，除了市民對政府有信心外，另一個主要原因是去年省府為促銷國宅舉辦了一項﹁國宅降價﹂活動，當時也賣了不少房屋，這項降價措施仍然適用，購買者隨到隨辦，每一戶大概可以減少卅萬元上下。　　國宅局說，全省國宅滯銷最嚴重的縣市應為台中與桃園，基隆市的銷售績效則是﹁名列前茅﹂。　　行政院日前推出三千億優惠房貸案，對振興營建業及餘屋的促銷是不是有幫助，仍不得而知，但有一點可以肯定的是，因國宅局人員的努力，基隆市的國宅餘屋已降到最低點，市民如果手腳不快一點，也許會買不到，畢竟國宅二百廿萬而年息只有五厘的低利貸款還是很誘人的。
                
                


    
"
2000/08/12_18,"2000/08/12- [中時] 


優惠利率之外　消費者還有另種選擇　購屋撿便宜可找斷頭戶


                【陳高超／台北報導】　　政府即將釋出三千二百億元優惠房貸方案，其中青年房貸保證方案雖只須自備款一成，但若財務規劃或投資策略不當，即可能淪入﹁斷頭﹂之虞。為避免自已成為﹁斷頭戶﹂、或乾脆買﹁斷頭戶﹂撿便宜貨，房仲專家建議要先評估未來還款能力，以避免利息負擔過重，繳不出利息而成為斷頭戶。　　住商不動產表示，所謂斷頭戶，可分兩種。一是新成屋或中古屋，在購入後繳不出房貸，二是預售九成銀貸，房價跌價貶值，買方不辦過戶，即形成斷頭戶。另外，預售屋斷頭多出現在積欠工程款、或交屋時發生。　　永慶房屋則建議，消費者若要撿便宜貨，也可能乾脆買斷頭戶，不過要特別注意風險。　　一、價格：多為市價六至八成，相對便宜。　　二、地區：多在新成屋集結區，如電線桿看板、大樓信箱ＤＭ、或銀行網站內，皆可找到。　　三、出現：落入法拍屋仲介公司，購買時須另付拍定底價的四％。　　四、風險：注意斷頭戶，有共同擔保、或高額設定，其中，共同擔保多與銀行採一次設定，貸款額度較高，常發生無法單獨出售現象；至於高額設定，宜找一專業代書，不要將訂金交由賣方。
                
                


    
"
2000/08/12_67,"2000/08/12- [工商] 


房貸高達九成 小心淪為斷頭戶　房仲專家建議，先評估自己的還款能力


                【陳高超／台北報導】　　政府即將釋出三千二百億元優惠房貸方案，其中青年房貸保證案雖只須自備款一成，但若財務規劃或投資策略不當，可能淪入﹁斷頭﹂之虞。為避免自已成為﹁斷頭戶﹂、或乾脆買﹁斷頭戶﹂撿便宜貨，房仲專家建議先評估未來還款能力，以避免利息負擔過重，繳不出利息而成為斷頭戶。　　住商不動產表示，所謂斷頭戶，可分兩種。一是新成屋或中古屋，在購入後繳不出房貸，二是預售九成銀貸，房價跌價貶值，買方不辦過戶，即形成斷頭戶。另外，預售屋斷頭多出現在積欠工程款、或交屋時發生，而新成屋、中古屋斷頭，一般在三個月後即會送銀行總行裁定，有時也會落入銀行逾放屋或進入法拍市場。　　永慶房屋則建議，消費者若要撿便宜貨，也可能乾脆買斷頭戶，不過要特別注意風險。　　一、價格：多為市價六至八成，相對便宜。　　二、地區：新成屋集結區，如電線桿看板、大樓信箱ＤＭ、或銀行網站內，皆可找到。　　三、出現：落入法拍屋仲介公司，購買時須另付拍定底價的四％。　　四、風險：注意斷頭戶，有共同擔保、或高額設定，其中，共同擔保多與銀行採一次設定，貸款額度較高，常發生無法單獨出售現象；至於高額設定，宜找一專業代書，不要將訂金交由賣方，以免賣方拿了訂金就跑。
                
                


    
"
2000/08/14_17,"2000/08/14- [工商] 


建設公司響應政策調整促銷方案；惟消費者須提防少數業者大玩「數字遊戲」


                【蔡惠芳／台北報導】　　房市景氣歹歹之際，不少建商為了搭搶行政院優惠房貸政策的便車，應變速度也加快。國泰建設率先與霖園集團關係企業匯通銀行合作，推出自備款一○％、利率五．五％的三十六週年慶特惠購屋專案；太子建設開發、萬通銀行也調低購屋貸款利率到五．五％；太平洋建設集團、和信企業團也分別宣布推出九三％貸款、五％優惠利率的專案，標榜更勝政府一籌；寶成建設也決定跟進、預計十五日宣布新方案，顯示建築業出清庫存屋的決心。　　然而，市面上也有建商陸續推出標榜﹁超低﹂房價、﹁超低﹂自備款、﹁超低﹂房貸利率、﹁超高﹂貸款額度的﹁三低一高﹂優惠促銷專案，業者先抬高售價、再號稱提供優惠房貸的花招和噱頭，也值得消費者注意是否有﹁掛羊頭賣狗肉﹂的不肖業者，因此一場﹁超級比一比﹂，更免不了是付錢買房子之前必作的功課。　　國泰建設公司在行政院宣布振興房市措施的第三天，就率先響應政策，修正﹁龍騰兩千特惠購屋專案﹂的貸款辦法，從匯通銀行提供九成房貸、五．六五％利率、一○％的自備款，調整為﹁國泰建設三十六週年慶特惠購屋專案﹂，利率比照﹁行政院版本﹂壓低到五．五％，貸款成數同樣是九○％，五．五％部分貸款額度則由先前的一百五十萬元，提高到三百五十萬元；不足額部分，無自用住宅者可享有一百五十萬元的六．五％優惠利率，其餘部分適用利率為七．二％；另外還有東泰產物保險公司二十年的火險，特惠促銷期間，建商還負擔營業稅。　　國建協理張清櫆表示，國建率先響應政策、調整新的房貸措施，是希望儘速消化全省的新完工成屋，讓國建在年底時，達到零負債比的目標。　　至於太子建設開發動作也很快，繼國建後，針對﹁太子國際村﹂也調整現行的優惠房貸辦法，由往來金融機構提供五．五％、三百五十萬元額度的優惠利率，超過部分再由萬通銀行提供前兩年二百萬元、五．九五％的優惠利率，因此不論購屋﹁門檻﹂或貸款利率，都同步降低。　　而太平洋建設集團，也宣布率先響應政府﹁青年成家﹂政策，在台北市﹁敦南大地﹂一案，再壓低交屋自備款的﹁門檻﹂到七％，貸款額度則從九成、拉高到九三％，號召力不弱。　　此外，和信企業團捷和建設針對汐止﹁水蓮山莊，也推出﹁五五五專案﹂，不但協調關係企業的中信銀提供五％的貸款利率，更壓低房屋售價到每坪最低十四萬八千元。　　寶成建設也決定跟進，但是要十五日才對外宣布詳細房貸辦法，預計將全面適用在寶成台北、高雄的各工地。　　值得留意的是，最近有不少建商為了爭奪潛在客源、加速出清餘屋，而紛紛祭出﹁三低一高﹂的促銷手段，儼然形成一股低利房貸﹁風暴﹂。以北台灣地區來說，根據租售報導企研室統計，扣除適用內政部營建署獎勵投資興建國宅專案的個案後，至少有十五處到二十處，標榜配合金融機構提供低利房貸，利率從二．五％到五．九五％不等。　　有代銷公司、建設公司指出，這些花招不乏業者耍﹁數字遊戲﹂者，業者心裡自己有數。銀行近年來被呆帳所苦，為解決濫頭寸，對於建商的分戶貸款，是搶破頭，配合度比較高，再加上﹁關係﹂良好者，銀行開出的條件更是好談；另外，建商通常會以補貼差額、或是以﹁回存﹂、限期或限額的存款來配合銀行。　　根據調查，市面上有些建商玩出的低利房貸數字遊戲，大致可分三種：一．月息代替年息，以廣告宣傳手法來混淆視聽，實際上消費者換算成年利率就划不來；二．先抬高表價、再宣稱提供優惠房貸利率，實際上消費者是買貴了；三．建商標榜的三％、二．五％﹁超低利率﹂，係僅限於前一年或三年的短期貸款。　　因此，業者玩數字遊戲，空間相當大，相對的消費者也不要為了﹁搶額度﹂、而賠了房價。
                
                


    
"
2000/08/14_34,"2000/08/14- [工商] 


郊區房市增溫 俱樂部住宅案當道


                【陳高超／台北報】　　受三千二百億元優惠房貸影響，近來市區大坪數豪宅買氣漸趨緩，中低總價、首購族青睞產品反較具賣相，包括市郊的新成屋，或是與市場區隔的六星級海景俱樂部住宅，已為此一波房地產主流商品。　　據不動產智庫統計，位於捷運紅樹林站、文山區、楊梅、中壢等四區位的俱樂部住宅案，平均單價都比附近區域行情高出五萬元以上，其中，紅樹林站包括新推的富陽四季一案，總戶數六百餘戶，平均單價在二十二萬至三十二萬元間，比區域行情高出五萬至十萬元，兩星期內已售出二百餘戶，為今夏最具代表的指標個案；而楊梅揚昇大地一案，每坪單價在三十六萬元，則比區域行情高出二十六萬元以上。　　政府三千二百億元優惠貸款一祭出，馬上使新成屋受惠風聲，不脛而走，包括市郊區新成屋、或已一至二年未出售新屋，賣況增溫，反而是市中心內的豪宅，買氣不見起色，讓市郊區套房、成屋，或郊區六星級海景俱樂部住宅，漸成為主流產品，銷售締造佳績。　　時至八月，今夏俱樂部住宅，以海景俱樂部住宅最具賣相。捷運紅樹林站對面的富陽四季一案，以其十五坪至一百餘坪，全方位規劃，強調安全鋼骨，總價從二百餘萬元至四千餘萬元的定位，拉大客源，大撈首購、換屋族，推出只兩周，出售二百餘戶，締造今夏海景俱樂部住宅新賣點。　　市場甚至傳出一股住宅﹁俱樂部﹂風，舉凡有俱樂部，其住宅即相對優勢，單、總價皆高，有的強調七Ｓ，即陽光、天空、海景、游泳、春天、運動、服務等，只要具備此要項，房價即相對賣座。　　因此，在三千二百億元優惠房貸正式起跑後，市區過大坪數豪宅，已有被市郊區中小坪數的新成屋所取代，由於申貸名額有限，所以勢必搶貸，因此造成市郊區較低價的新成屋受正面影響，買氣漸增溫，不然就是俱樂部住宅當道，預計此兩大類產品，可望熱賣至十月左右。
                
                


    
"
2000/08/14_74,"2000/08/14- [工商] 


低利房貸出籠　新成屋中古屋現人潮，預售屋工地則冷清清


                【蔡惠芳／台北報導】　　行政院祭出五．五％低利優惠房貸方案的房市﹁大補帖﹂之後，財政部宣布將在十四日正式實施，前兩天是政策宣布後的第一個星期例假日，北台灣一帶的新成屋、中古屋市場，反映明顯活絡，消費者﹁先搶先贏﹂的心態十分明顯；但是預售屋工地的來人、成交狀況，就不如新成屋及中古屋市場熱絡，形成兩極化的效應，有些建商擔心這一波政策利多，會帶來預售屋市場的排擠效應。　　一個星期以來，房地產業者普遍忙著為前來詢問的消費者，提供試算房貸、解答金融機構配合提供優惠房貸的服務，以加速出清餘屋。　　根據最新調查的結果，行政院釋出總金額三千兩百億元的優惠房貸方案之後的第一個星期，北台灣地區各個預售、新成屋工地，以及中古屋市場，大體是呈現兩極化的現象，新成屋、中古屋反映比以往週末假日要熱烈，而且消費者詢問的問題，也是五花八門；可是，預售工地則平平。　　太子建設開發公司在中壢銷售中的新成屋個案，總共六百戶，由於採平價策略、又有寬頻網路等軟硬體設施，再加上關係企業萬通商銀九○％純銀貸、前兩年五．九五％的低利貸款條件，買氣本來就不錯。　　上星期行政院宣布政策利多以後，該銷售案的買氣更明顯產生加乘效果，據現場銷售人員表示，太子建設日前立即調整優惠房貸方案，利率調低到五‧五％，因此這個星期就賣掉廿幾戶，成交率、來人量，都比原來增加五成，消費者大多是自住型，本來就想買，再加上優惠利率更低，為了﹁搶額度﹂、以免像去年一樣兩、三個月銀行就陸續宣告額度用罄，所以這個星期客戶很聰明的一次就付足訂金。　　國泰建設公司在中壢、淡水推出的新成屋個案，也出現大量買氣。　　新聯陽實業副總經理黃德國表示，這次行政院宣布優惠房貸的利多，從十四日可以開始實施，所以北台灣地區不少新成屋工地，都明顯的活絡，像國泰建設上述兩地個案，平均是每三組就成交一戶，顯示建商反映市場需求的動作，也十分快速。　　寶成建設在台北縣推出的溫泉別墅案，參觀客戶、成交狀況也明顯好轉。寶成建設台北分公司總經理洪武龍表示，政府低利房貸措施確實提高消費者買房子的意願，就以寶成在台北縣推出的個案來說，本週就比以往增加三成的成交量，在參觀客戶組數方面，本來平均每週約八、九十組，也激增到一百多組。　　另外，根據新聯陽實業、租售報導企研室、甲山林廣告、和信企業團﹁不動產智庫﹂市調組等單位，針對前兩天星期例假日的市場調查也指出，北台灣地區的新成屋工地，不論釋出報紙廣告批數、來人組數、成交戶數，都遠比上週激增，不少消費者的心態都是有去年一千五百億元的前車之鑑，所以只要地段、產品價格都不錯、寧可﹁先搶先贏﹂。　　新聯陽實業副總經理陸棋鋒表示，儘管房地產景氣低迷多年，可是市場需求一直存在，只要建商產品規劃、地段、價格都吸引人，消費者在房價已﹁打底﹂完成之際，基於﹁國家都幫你殺價七十萬元﹂、減輕不少利息負擔的考量，確實已進場訂購。　　但是，有不少手中推出預售屋的建設公司、代銷業者，基於此次行政院振興房市措施不適用預售屋，因此並未﹁享受﹂到政策甘霖，預期﹁振興房市﹂的短期效果也許有、但卻不能解決整體房地產景氣問題。　　一位建設公司董事長不諱言地指出，短期內雖會吸引消費者進場，可是，老實說，房地產的問題是﹁無效空屋﹂太多，在﹁大旱三年、暴雨三天﹂的短期政策手段刺激之下，效果畢竟會被中低總價的新成屋、中古屋市場所稀釋掉，有些位於﹁山巔水涯﹂、偏僻路段的餘屋，乏人問津的還是會乏人問津。
                
                


    
"
2000/08/15_48,"2000/08/15- [中時] 


童玩藝術節總檢討　成績耀眼遊憩品質待加強　入園成長率逾四成


                【陳賡堯、王秋霖】　　今年的宜蘭國際童玩藝術節，以六十萬餘人入園，整體成長率超越四成，交出了亮麗的成績單，連帶週邊的旅遊相關業者，也幾乎是個個笑逐顏開，因為在這期間人氣帶來錢潮，產業界充分感受到藝術節的帶動力道，但是整體成功的背後，仍有許多值得改進之處，求全責備必須提出來檢討。　　檢視今年藝術節所以成功，主要在於提出新的創意，發展新的設施，使遊客保持新鮮感，例如在網路上被討論最多，最受歡迎的倒轉迷宮，就是今年新增的水遊戲。再如受到兒童喜歡的立體迷宮，藝術節期間，共吸引了十餘萬入園兒童都是實例。事實上，創意永遠是藝術節成敗的關鍵元素，今後仍必須加以維持。　　就藝術節的整體架構來看，今年國外團隊的表演水準，如巴西、白俄羅斯、芬蘭都有相當文化深度，但部分預先邀請團隊，如土耳其、印度的吹蛇人表演，都臨陣不來，使民俗舞蹈表演，有前後水準不一的現象，連帶使演藝廳的各國民俗舞蹈表演安排，也有捉襟見肘現象。　　藝術節另一主軸童玩部分，今年強調的是科技童玩，但觀察以宏碁科技為主的所謂Ｅ樂園，有如來到資訊月展覽場，現場帶入了太多的商業色彩，以官辦藝術節而言，應該適切避免。摒除這些不談，以科技童玩審視，事實上也達不到應有的水準，主辦單位來年應該更加審慎。　　在有聲童玩及娃娃館方面，展示品確實有可觀之處，但是解說不足，較少讓兒童動手操作，使童玩館只能讓人走馬看花，加上水遊戲設施喧賓奪主吸引大量遊客，反而降低了藝術節應有的文化深度。　　六十萬人進入藝術節，單單門票就賣了一億三千萬餘元，若以世新大學去年調查研究，縣政府每投入一元，就有五元以上的經濟產值，依入園人口成長估算，藝術節四十二天帶來的經濟產值至少有七億元之多，因此週邊經濟效益可說非常明顯，依照觀光旅遊局長吳正連的了解，大小旅館藝術節期間客滿的時間多，足以說明藝術節帶動了產業利益，遠遠超越去年。　　但值得警惕的是，縣政府千辛萬苦與台北大旅行社結合，推出的套裝旅遊，今年效益顯著，吸引到高雄、台中來的許多遊客，但是在假日時期，套裝旅遊業者卻拿不到旅館，原因是旅館業者追求現實利益，排拒房價較低的套裝旅遊，使其中最具實力的一家旅行社，拒絕再辦宜蘭的套裝旅遊，長期來看是業者的整體損失。　　旅館業者此舉，不無殺雞取卵之嫌。藝術節期間，假日人潮高峰期，旅館不夠住，不少外來旅客全家人投宿無門，流落宜蘭街頭，但旅館業者仍反對縣政府向遊客引介尚未合法化的民宿。業者固然在法、理上站得住腳，但是無處住宿的窘境，仍會嚇跑遊客，得失之間值得旅館業者深思。　　縱觀今年童玩藝術節的舉辦，可說是為文化產業畫下了最佳註腳，但是假日人潮太多，週邊公共設施不足，所產生的衝擊與問題，實在已經不是籌辦藝術節的文化局，能夠獨力解決，未來如何持續以有效的策略，吸引遊客在平時入園，以降低假日的壓力，縣政府應該提早妥善因應，以確保藝術節的遊憩品質，達到永續經營的理想。
                
                


    
"
2000/08/15_70,"2000/08/15- [中時] 


住宅及都市博覽會月底揭幕　國宅局將向中央爭取低利貸款額度嘉惠購買戶


                【高迎秋／基隆報導】　　基隆市府國宅局十四日召開﹁第一屆住宅及都市博覽會﹂座談會，副市長楊文衡表示，這是一個立意良好的活動，可以活絡低迷的房地產商機，國宅局並且要向中央爭取此次低利貸款的分配額度，嘉惠購買戶。　　國宅局長高俊峰表示，這項博覽會將於八月二十九日起連續一個月，在市立文化中心大廳和廣場舉行。會中會展示重大的市政建設，同時結合建商提供優質的成屋，刺激買氣。　　楊文衡說，結合市政的推展來舉辦這次的博覽會，讓市民可以買到合適又有保障的房屋，在推銷的技巧上要很精準，不能誤導民眾，也不能誇大宣傳，而使美意造成遺憾。　　白天鵝建設公司經理詹希達表示，業界是很歡迎這項活動，但是基隆的房地產有區域性的差異，基本上購屋和利率無關，目前全市仍有三萬戶空屋。要有很大的誘因才能刺激購買慾，有些季節性的產品要有時間去考驗，不管怎麼說，他肯定國宅局的苦心和努力。　　市議員鄭可熙說，國宅局應該用這次舉辦住宅博覽會的機會向中央爭取此次三千二百億的低利貸款額度，以加速對基隆市建築業的復甦。再加上基隆市的房價比台北縣平均每坪低十萬元的情形下，市府加強對市政的促銷，吸引台北地區的民眾到基隆市購屋，他是樂觀其成的。議員陳東成表示，這項博覽會不能針對預售屋，只能促銷成屋，至於交通改善等問題，基隆市府還要再努力，他同時呼籲減價來照顧勞工和公務人員。　　最後，楊文衡表示，全案照國宅局規劃去進行，同時由各單位全力協助配合。
                
                


    
"
2000/08/15_72,"2000/08/15- [中時] 


工務局目測 民眾房價被打折好神！市民指責安檢太粗糙


                【吳邦珍／台中報導】　　市府工務局在九二一大地震後，會同土木結構技師對全市大樓進行安全檢查，部分大樓由於損害並不嚴重，修復後住戶也沒太在意，最近民眾因房屋交易，才經銀行發現其房屋在市府網站上被列為需注意房屋，影響貸款；工務局則表示，房屋只要修復並經專業技師簽證負責，就可向市府申請撤銷列管。但部分民眾對工務局地震後部分目視安檢過於粗糙，卻因此影響房屋所有人權益，相當不滿。工務局在九二一大地震後會同土木、結構技師等，對全市房屋以目測方式進行安檢，當時由於情況一片荒亂，民眾對住家房屋是否安全又相當恐慌，這項安檢是很快的用掃街方式進行，主要判定是房屋是否有立即的危險。事後工務局也強調，工務局在大地震後做的目測安檢，只是參考，房屋確實受損程度，須由專家做進一步鑑定。由於房屋全倒、半倒涉及慰助金發放及拆除重建等問題，受到較大的關注，對判定為需注意房屋，屋主較未向市府提出異議。不過工務局強調只供參考的初步安檢結果，卻登錄在市府網站上，外界都可以查得到。房屋被貼上需注意標籤的住戶，有的知道修復後要向市府塗銷記錄，有的則未留意；部分其實房屋受損並不嚴重的住戶，則是不滿當初安檢只是緊急措施，僅供參考，但資料卻上網，讓他們的房屋有了﹁污點﹂。南屯某大樓更是抱怨指出，工務局地震後在其大樓張貼的檢查結果是﹁安全﹂，大樓請建商修復損害部分後，即未在意；最近有住戶向銀行貸款，才知道房屋被列為需注意，還登錄在市府網站上，大樓向工務局查詢結果，工務局也只表示，只要提出修復後結構技師的鑑定報告，就可以撤銷列管。住戶對此相當不滿，強調需注意房屋雖未涉及拆除等問題，但仍關係著房屋的價值，有人辛辛苦苦一輩子，才有能力存錢買間房子，工務局處理此事應更加謹慎，以免傷害民眾權益。
                
                


    
"
2000/08/16_31,"2000/08/16- [中時/財經綜合/21版] 


為了低利貸款而購屋大可不必　市場仍供過於求進場不急 要精挑細選懂得殺價


                【羅兩莎／台北報導】　　行政院推出總計高達三千二百億元的優惠房屋貸款專案，自即日起上路，購屋者需不需要為了趕上這一班低利貸款列車而購買房屋？銀行業者建議，如果你正好準備買房子，恰巧有低利貸款，此時購屋當是不錯的選擇；但是，倘若只是為了有低利貸款而購屋，則大可不必，以免讓自己在未來一、二十年內背著重重的殼，變成﹁屋奴﹂。　　同時，銀行業者亦透露，國內房地產市場仍是處於供過於求的狀況，手中握有大量餘屋的建商，在面臨沉重的銀行貸款利息壓力下，殺價空間相當大，民眾在購屋殺價時要夠狠；這一點，遠比房貸利率低一到二個百分點更為實惠。業者也強調，優惠房貸不會幾個月就用完，民眾不要受建商不實宣傳影響而急著購屋，精挑細選、努力殺價才是要訣。　　銀行業者分析，行政院這次推出的優惠房貸專案，由於貸款戶負擔的利率僅五．五％，約較目前的房貸市場利率低了二個百分點，若以貸款金額為四百五十萬元計算，此項低利房貸，貸款戶一年即可省下六萬七千五百元的利息支出，若貸款年限為二十年，即可節省一百二、三十萬元的利息，對購屋者而言，確實是有相當大的誘因。　　但是，銀行業者強調，國內房地產市場不景氣，供需是問題之外，關鍵點仍在於房價過高；因此，業者認為，若要國內刺激房市景氣，最好的方式是房價往下修正。　　而對於行政院這次推出低利優惠專案，民眾此時應採取何種購屋策略，銀行業者有下列建議：首先，如果你準備買房子，正好有低利貸款專案，此時購屋是不錯的選擇；但是，不應有低利貸款而改變原有的想法，選擇超出自己能力範圍能負擔的房子。　　其次，在房地產市場仍處於供過求的情況下，此時購屋者一定要記得殺價；資深房貸銀行主管透露，手中有大筆餘屋的建商，因資金壓力大，急著趁此機會殺出手中的餘屋，所以，表面上看來，建商姿態很高，實際上殺價空間相當大，至少有四、五十萬元，據悉，地段比較差的房子殺價空間甚至高達一百萬元；所以，重點是：殺價時要夠狠！　　再者，依以往中央銀行推出一千五百億元優惠房貸專案的經驗，至少要六個月到一年的時間，方可消化所有貸款額度；銀行業者認為，由於這次推出的額度高達三千二百億元，加上貸款條件相當嚴格，例如必須是八月七日以後過戶的房子方可申貸，以及不能以整批房貸佔用額度等相關規定；因此，業者認為，短期內此一額度不致被搶貸一空，有意購屋者似乎不宜急著買房子。　　此外，在優惠房貸專案的選擇上也有竅門，銀行業者說，此項專案有額度上的限制，例如在一千二百億元的青年優惠房貸中，台北市地區最高貸款額度為四百五十萬元，二千億元優惠房貸台北市地區貸款上限僅二百五十萬元；因此，符合青年優惠房貸條件者，貸款時當然以此項貸款為優先考量，以減輕負擔；但是，如果你抽中額度二百二十萬元、利率僅五％的勞宅貸款等，最好是選擇可搭配勞宅等政策性貸款的二千億元優惠房貸。　　劉佩修／台北報導　　中央銀行昨日邀集銀行公會、壽險公會、中小企業信保基金等，針對優惠房貸承辦金融機構與信保基金簽約與行庫作業細則研商，會中確定，一百零八家承做金融機構近日將與信保基金簽約。據悉，信保基金將在契約中明訂，若承做金融機構違反規定放款，例如人頭戶、借新還舊、整批貸予建商等，一旦經查屬實，信保基金不負責理賠，損失由銀行自行負擔。　　侯南芬／台北報導　　三千二百億優惠房貸措施昨日正式實施，十三家申請辦理此項專案貸款的壽險公司共獲核定承作四○四億元額度，比原先各家申請額度有所縮水；國泰、新光、南山與安泰等前四大壽險公司獲分配承作的額度分別為一二五億、一二五億、二○億與三○億。業者也提醒民眾，購屋前千萬記得先﹁殺價﹂。　　壽險業者指出，雖然這擺明了是不賺錢的生意，且勢必將排擠原有的房貸業務，但業者願意儘量配合政府政策承作；站在公司產品線完整的立場上，如果不爭取額度承作，恐怕客戶會因此流失。
                
                


    
"
2000/08/16_4,"2000/08/16- [工商] 


優惠房貸寶劍出鞘 建商爭鋒,降低房價、超低房貸利率，爭取青睞


                【黃繡鳳／台中報導】　　為了積極搶攻三千二百億元優惠房貸商機，目前櫻花建設已請代書到接待中心服務，且透過網路整合個案銷售現況。而龍邦開發也以一百六十萬元免費裝潢為誘因，至於三采和長億本週起將透過廣告和活動，帶動買氣，中部營建股頻頻出招搶額度。　　三千二百億元優惠房貸簡則實施後，從十五日起各配合銀行也開始收件，使得餘屋量大的中部地區，積極推出各項「搶人」作業，希望能在第一時間內，創下銷售佳績。　　以一千五百億元實施時，中部地區最大的贏家三采建設而言，該公司本週起將推出相關配套廣告，吸引購屋族下訂。三采建設副董林世雄指出，該公司當時每月銷售金額能達三億元，除了促銷手法奏效外，其實產品的吸引力也是購屋族下訂的主因。　　林世雄說，該公司唯一的新成屋個案「三采藝術園區」，總銷金額達五十億元，目前銷售率已達七成。他指出，該公司從本週起，將推出一系列的理財講座與促銷活動，再加上部分優惠措施，希望能在年底前去化餘屋。　　在中部建商中餘屋量最大的長億實業，該公司建設部業務處長高鳳鳴也表示，在長億各關係企業配合下，該公司上半年餘屋去化金額已達二十億元，目前餘屋量只剩下六十億元。他說，該公司主力餘屋分別為「台南長億城」和「綠葉山莊」兩個案。　　高鳳鳴說，「台南長億城」為國宅個案，購屋族可享受國宅優惠利率，再配合優惠房貸額度，對購屋族可謂一大利多。他也認為「綠葉山莊」別墅完工後賣相好，不少經濟基礎不錯的購屋族也提前到市場看屋，對於個案銷售助益很大。　　而最先響應優惠房貸方案的櫻花建設，目前已請專業代書到現場為購屋族服務，以縮短購屋族的申購時間，且利用網路整合四個接待中心的銷售現況。其中位於台中市逢甲商圈的「摩登歐洲」個案，更是雇用大批的工讀生，在主要路口散發宣傳品。　　櫻花建設副總曾定祁指出，為了搶攻這一波房貸商機，該公司除了設置諮詢中心，請代書坐鎮外，公司也成立政策小組隨時蒐集政府最新政策，而執行小組則二十四小時待命，協助各接待中心與公司、銀行間連繫工作。他並透露已和數家銀行掛號，並且承諾優先承辦作業。　　至於積極去化餘屋的龍邦開發目前也推出相關配套方案，包括送價值一百六十萬元的裝潢等。龍邦開發指出，該公司兩個新成屋個案「皇家別墅」和「登峰二十一」，平均銷售率已達八成五，將透過這波優惠房貸專案，全部銷售一空。　　邱仁旭／高雄報導　　寶成建設十五日推出「三三三輕鬆三倍貸」專案，房價降價後，又提供四百廿萬元、年利率三％至五％超優惠房貸搶客戶，南部多家大型建商也採取具體的配合措施，但永信建設則以平常心看待，認為此次的優惠利率比獎勵民間投資的國宅利率還高，客戶不一定會衝出來，還是看產品的魅力。　　去年政府推出一千五百億元優惠房貸，寶成建設打出「買市區送郊區」、「十萬火急」等專案，三個月內去化卅億元的餘屋，其中高雄就高達廿億元；長谷建設去年推出送裝潢、免代書費等措施，也搶到近廿億元的餘屋銷售成績，今年兩家公司也搶搭此次優惠房貸的便車，再次推出新的促銷方案。　　寶成建設在高雄推出「三三三輕鬆三倍貸專案」，將個案降價一成後，配合政府優惠房貸，該公司再提供二百廿萬元前七年利率三％，及三百萬元五‧五％的超低利率，最高可貸到七百七十萬元，以八百萬元房價計，自備二成，貸款金額六百四十萬元，前七年節省利息可達六十五萬六千餘元。　　長谷建設副總經理翁國芳表示，今年該公司以三房送卅萬元、四房送四十萬元裝潢費為訴求，並增加三○％廣告費，凸顯長谷個案特色。　　另外，緯城建設易主並更名為京城建設，目前也積極出清舊團隊遺留下的餘屋，位於高雄市三民區及屏東的個案已決定降價一成出售，部分個案則送裝潢；昱成建設董事長吳瓊興則指出，在優惠房貸實施前，該公司已率先降價，目前透過直銷的方式，以密集的人力面對面接觸，找出潛在客戶。　　相較於上述上市公司的積極動作，永信建設則以平常心看待此次的優惠房貸政策，該公司副總經理顧岳軍說，潛在客戶還是會依自己的需求選擇要買的房子，不會因利率五‧五％而衝出來，以該公司取得獎勵民間國宅的生活大師個案為例，利率比此次房貸還低，但銷售一年還有一成的餘屋。　　顧岳軍認為，此次的優惠房貸額度比上一次還多，從上次的經驗來看，潛在客層一定會一再比較地段、產品、品牌等條件，真正的購屋高峰期應在實施兩三個月後，初期辦理應該是已簽約、尚未辦理過戶的個案。
                
                


    
"
2000/08/16_62,"2000/08/16- [中時] 


亞旭股東綁票案　柴嫌調局任內　竹科是他﹁轄區﹂　居住毫宅很海派


                【楊天佑、朱虔／綜合報導】　　涉嫌綁架亞旭電腦公司負責人周浦彬勒贖美金四百萬元的調查局新竹市調查站離職調查員柴永森，犯案時雖然已經離開調查局，惟因柴永森任職調查局新竹市調查站時，新竹科學園區就是柴永森的﹁轄區﹂，柴永森也與許多園區業者熟識，調查局已經派員深入清查柴永森任職期間的人際關係及相關內情。　　調查局表示，柴永森今年三月十六日以考上美國紐約州立大學管理學博士班﹁出國進修﹂為由，申請留職停薪，但因所學與調查局的業務無關未獲准，因而辦理離職。【王仕琦╱新竹報導】　　聽到前任調查局調查員柴永森涉及四百萬美元綁架勒贖案，科學園區各公司高階主管們莫不大吃一驚，直呼不可能。即使台北已傳來柴永森遭警方收押的消息，一位上市半導體公司的主管仍然說，﹁我還是不相信他會做出這種事﹂，這位主管曾與被綁架受害者周浦彬，也有一面之緣，當時同桌的介紹者，就是周的好友柴永森。　　根據園區業者形容，新竹科學園區對柴永森而言，就如同自家前院後院一樣熟悉，常常看到他的白色吉普車停在管理局停車場，中午找位管理局組長出去吃午飯。廠商舉辦產品發表會或記者會，柴永森也常伴隨公司人員一起出席，與媒體記者談笑風聲。五、六年前，他曾經跟隨幾位園區資深業者，一起修讀美國密西根州某州立大學的企管碩士學位，除了進修取得更高學位外，柴也藉此熟識許多園區主管同學。　　柴永森住在新竹市青草湖附近一處高價別墅區，此住宅區平均價格千萬元以上，幾家績優半導體公司的中階主管皆在此置產，區內還有雙語小學，柴永森的家就住在小學用地旁。據附近住戶描述，柴宅的庭園佈置及室內裝潢，皆所費不貲，使用座車分別為一火紅色跑車及白色吉普車，在社區內頗為顯眼；言談間也經常流露大手筆進出股票的經驗，住戶猜測他如此揮霍手筆，應該是﹁業外收入﹂比﹁本業﹂要來得豐富。　　﹁關係﹂是柴永森以調查員身分在科學園區經營多年的重要資產。除了與各大科技廠商主管熟識之外，他也會主動結交新來或舊有的園區駐地記者，柴永森的妻子馬姓小姐，本身就是資深產業記者出身，柴的弟弟目前任職園區內市值最高的公司。一位台北記者回憶，柴永森曾建議他改調至新竹科學園區駐地採訪，因為以他的經驗，在園區﹁機會﹂很多，關係建立起來值得一試。還有更多廠商或媒體，都記得他曾經前來請教某家公司股票如何的問題。　　柴永森在年初辭職後，對外宣稱他要到美國修讀博士學位，但是他的昔日同事記得他去紐約大學念書，園區廠商的老朋友卻說他在南加大攻博士。三週前，柴永森友人在台北遇到他，詢問他赴美念書狀況，柴卻支吾其詞交代不清。　　如今綁架案曝光，雖然接近柴永森的科技業者立即反應都是﹁怎麼可能﹂，但是也有與他只有點頭之交的園區人表示﹁不意外﹂，因為他平時在園區出入感覺就﹁很機靈﹂的，要是真在金錢上出現缺口，很難保證不會做出失去控制的行為。【羅際鴻／竹市報導】　　涉嫌綁架亞旭科技公司股東周浦彬的嫌犯柴永森，居所是新竹市高級豪宅│國家藝術園區，由於保全工作嚴密，一般民眾只見外貌、難窺堂奧。　　這個大社區由建築界收藏家葉榮嘉興建，社區內將成立國際水準的榮嘉美術館，整體環境規劃良好，單價不低，每棟房價均上千萬以上，坪數大者甚至高達三千萬元。
                
                


    
"
2000/08/18_61,"2000/08/18- [工商] 


健全房市 住宅政策九月出爐


                【黃繡鳳／台中報導】　　內政部營建署國宅組組長何德富十七日在「體檢新政府房貸政策公聽會」指出，繼行政院推出三千二百億元優惠房貸後，營建署為了健全國內房市，九月份將推出住宅政策，並提報行政院核定後實施。　　何德富並強調，此次住宅政策分為三大方向，包括整合勞宅、國宅、眷村等住宅補貼政策，並研擬出房屋出租市場新辦法，以及改善居住環境等。他認為，未來住宅走向應朝多元化發展，並參酌市場區位，推出高品質的優質住宅。　　經建會都市及住宅發展處副處長吳家昌也表示，三千二百億元房貸優惠措施只是短期房市因應之道，中長期的住宅政策更是重要。他認為，台灣住宅普遍存在房價過高、品質差，以及區位分配不合理等現象，這些都是未來擬訂住宅政策時重要的考量因素。
                
                


    
"
2000/08/18_65,"2000/08/18- [中時] 


體壇八卦　度假尋找刺激，上桌試試手氣　喬登豪賭輸掉四百萬美金


                【李琢】　　離開籃球場的「飛人」喬登不甘寂寞，除了經常流連高爾夫球場，享受揮桿樂趣之外，「豪賭」成了他的另一最愛。據美國八卦雜誌報導，擔任ＮＢＡ華盛頓巫師總監的喬登，不久前在巴哈馬狂輸四百萬美元。　　據美國八卦雜誌「明星報」最新一期報導指出，現年卅七歲的喬登不久前在巴哈馬「天堂島」的亞特蘭提斯賭場度假村打完小白球之餘，在賭桌上「大」試身手，結果，幾夜下來竟輸掉四百萬美元。　　報導指出，身價達五億美元的喬登在一次牌局下注的金額，最高曾達廿五萬美元。消息來源說：「雖然無法在球場上競爭，但喬登仍喜愛刺激，而賭博是唯一能提供他刺激之處。」　　在巴哈馬度假期間，喬登一大早通常和好友先打卅六洞高爾夫，且每一洞都下注，或許是「朋友錢、不可騙」，每洞只小賭一千美元。來到賭桌後，喬登的全神貫注不亞於ＮＢＡ總冠軍戰，他這也賭一賭，那也賭一賭，隨隨便便就輸掉超過十萬美元。　　為了歡迎籃球天王蒞臨，賭場飯店免費提供喬登一間最豪華的二五○坪旗艦套房，據說每日房價高達二萬五千美元。諷刺的是，雖然高居當今運動員首富，但喬登賭博時卻有「小氣財神」之稱，有一次玩「廿一點」贏了十萬元，但喬登走人時連五毛的小費都沒留給莊家。　　喬登酷愛豪賭的嗜好已有一段時間，早在九一年便有報導說，喬登曾在高爾夫球賽賭輸一位毒梟波勒超過五萬七千美元。隔年，喬登高球好友艾斯奎納斯也宣稱，喬登曾輸給他一百廿五萬美元。不過，飛人全部矢口否認。　　某一年在紐約的季後賽，喬登趁比賽休兵之際溜到大西洋城豪賭數小時，結果被人發現，讓他一度必須為自己的行為向球迷道歉了事。　　據佛州一位心理醫生穆勒指出，沉迷賭桌上的賭徒，心態和酒鬼及毒蟲均很類似，要他們有所改變，有時必須先讓他們嘗到苦果。穆勒說：「像喬登這樣有錢的賭徒會認為，只要他們不斷嘗試，總有一天會被他們贏到大的。」。
                
                


    
"
2000/08/19_26,"2000/08/19- [中時/產業與資訊/24版] 


台灣地區房價 近十年新低點　產業年鑑最新統計顯示已跌到合理範圍　北市則超出標準


                【蔡惠芳／台北報導】　　根據十八日最新出爐的「兩千年台灣地區房地產產業年鑑」所作的房價統計，再依據經建會的合理居住空間計算，台灣地區的合理房價，約在每坪八萬三千元到九萬五千元之間，高雄市在每坪八萬八千元到十萬元之間，台北市的合理房價每坪為十一萬到十三萬元之間，顯示台灣地區除了台北市之外的大部分成屋，已跌到合理房價範圍之內，也是最近十年來房價的新低點。　　但是，惟有台北市的房價，是高出合理房價，有些區域或個案房價甚至是合理值的兩、三倍以上。　　最近政府釋出三千兩百億元的低利優惠房貸，不少學者專家一再提醒購屋者，不要「搶得房貸而賠了房價」。　　但是，眾所週知的是，房價高低係取決於市場供需、土地成本和變動成本，建商向來是從開發成本來反映房價，經濟學者則由市場供需來論房價的高低，買屋的人看房價是越低越好，賣屋的人則剛好相反，所以是仁者見仁、智者見智的問題。　　房地產業者認為，最客觀的方式是回歸到國際上都認可的分析模式，即以家庭所得來評斷房價的合理與否，也就是所謂的「合理房價」。　　根據行政院主計處的資料顯示，所謂的「合理房價」，應該是在年家庭可支配所得的三點五到四倍之間。　　依八十八年國人的家庭可支配所得，台灣省為八十九萬元、台北市一百廿萬元、高雄市九十四萬元。推估的數據是：台灣省的合理房價應在三百十一萬元到三百五十六萬元之間，台北市為四百廿三萬元到四百八十三萬元，高雄市則為三百卅萬元到三百七十七萬元。　　另依經建會所定義的國人合理居住空間每戶卅七‧五坪換算，台灣省的合理單價應在每坪八萬三千元到九萬五千元之間，台北市在十一萬三千元到十二萬九千元，高雄市則在八萬八千元到十萬一千元之間。　　信義不動產企劃研究室副理張欣民指出，餘屋賣壓沈重的台北縣、基隆、桃園、台中、台南、高雄等地，今年部份建商紛紛把當年預售行情高出合理房價三、四成個案，被迫向下修正售價到合理房價方向。
                
                


    
"
2000/08/19_30,"2000/08/19- [工商] 


換屋族別讓權益稅著了！重購自用住宅享受優惠房貸外，還可申請退還土增稅和綜所稅


                【鄭淑雲／專題報導】　　為刺激房地產景氣，政府最近推出三千二百億元低利優惠房貸政策，想換屋的民眾不僅可以趁機大享低利率優惠，也不要忘了主動爭取自己的權益，申請重購自用住宅土地增值稅與綜合所得稅退稅，進一步減輕負擔。　　出售房屋時，民眾必須繳納土地增值稅、房屋稅及未繳清的地價稅，出售房屋若有所得還必須申報綜合所得稅，其中，若民眾重購自用住宅，只要符合一定條件，土地增值稅與所得稅是可以退稅的。　　基本上，土地增值稅與所得稅的退稅條件大致差不多，但也有些許差異，民眾申請時必須注意，兩種退稅條件相同處包：一、所有權人本人或配偶、直系親屬戶籍須設於此，且必須為自用住宅，出售前一年並無出租或營業使用；二、面積限制為都市土地面積小於三公畝（約九十坪），非都市土地小於七公畝（約二百一十坪）；三、無論「先買後賣」或「先賣後買」均可適用；四、買賣時間必須在兩年內。　　國稅局指出，兩者差異處則包括：一、土地增值稅退稅條件為新購土地價格必須高於出售土地價格減去已繳交土地增值稅後的淨額，所得稅退稅條件則是新購房屋價格高過出售價格即可；二、土地增值稅退稅為出售的土地與購入的所有權人必須為同一人，如出售土地登記為父親所有，但購入土地卻以配偶或子女名義登記時，則不能重購退稅。所得稅退稅條件則為買賣登記名義人為夫妻亦可，亦即納稅義務人以本人名義出售，再以配偶名義重購，或以配偶名義出售，再以本人名義重購，由於夫妻互為綜所稅的納稅義務人，所以均可適用重購自用住宅所得稅退稅。　　三、土地增值稅退稅的重購標的完成移轉登記五年內，不得移轉或出租營業用，只要一經查獲，在五年列管期間內，其重購土地有再行移轉或改作其他用途或其他不符自用住宅用地情形者，稅捐機關會追繳原已退還的土地增值稅，所得稅退稅則無五年不得移轉的限制；四、土地增值稅退稅條件中，可以賣一買多，或賣多買多，或買多賣一，或買多賣多等方式多筆合併計算退稅，值得注意的是，賣多時，必須同時賣出多筆，買多時則不限於必須同時買進多筆，只要在兩年期限內先後買進即可；所得稅退稅條件則為只能單一戶計算。　　在申請重購自用住宅退稅所需的文件方面，申請土地增值稅退稅的文件包括一、原出售土地部分：土地買賣公契契約影本、土地及建物登記簿謄本；二、新購土地部分：土地買賣公契契約影本、新購土地及建物所有權狀影本、地價稅按自用住宅優惠稅率核准通知書影本；三、出售及新購土地已設籍的戶口名簿影本或戶籍謄本；四、原出售地前一年內無租賃申明書二份；五、買賣土地的增值稅繳款書收據聯影本。　　申請所得稅退稅所需的證明文件則包括一、重購及出售自用住宅的契稅單或建物公契，如果已經遺失，可以該管地政事務所申請相關資料；二、重購及出售自用住宅的所有權狀影本；三、出售自用住宅當年度的所得稅結算申報書，可以向戶籍所在地稽徵機關申請。　　此外，由於重購自用住宅年度與情況不同，申請重購自用住宅所得稅退稅的年度也不同，民眾申報時必須注意。重購自用住宅的情況包括三種，一為同一年度買賣；二為不同年度買賣，但是先買後賣；三為不同年度買賣，但是先賣後買。由於這三種情況不同，申請重購退稅的年度也不同。前兩種情況，繳交財產交易所得稅的年度和申請重購退稅的年度一樣，所以是在房屋出售年度填報，民眾只要在出售年度填好符合重購條件，並檢附資料證明新買房屋價格高出出售房屋價格，即可不必計算要繳交的財產交易所得稅和重購退稅的稅額。第三種情況是在購買年度申請退稅或扣抵，先前售屋時所繳交的財產交易所得稅，是在未來兩年內買屋的年度扣抵或退稅。　　不過，如果納稅人先前繳交的財產交易所得稅，已申請扣除其財產交易損失，就不得再申請重購自用住宅所得稅退稅。
                
                


    
"
2000/08/19_57,"2000/08/19- [工商] 


房價跌至近十年新低點　除台北市仍偏高外，台灣省及高雄市已跌至合理範圍之內


                【蔡惠芳／台北報導】　　根據十八日最新出爐的「兩千年台灣地區房地產產業年鑑」所作的房價統計，再依據經建會的合理居住空間計算，台灣地區的合理房價，約在每坪八萬三千元到九萬五千元之間，高雄市在每坪八萬八千元到十萬元之間，台北市的合理房價每坪為十一萬到十三萬元之間，顯示台灣地區除了台北市之外的大部分成屋，已跌到合理房價範圍之內，也是最近十年來房價的新低點。　　但是，惟有台北市的房價，是高出合理房價，有些區域或個案房價甚至是合理值的兩、三倍以上。　　最近政府釋出三千兩百億元的低利優惠房貸，不少學者專家一再提醒購屋者，不要「搶得房貸而賠了房價」。　　但是，眾所週知的是，房價高低係取決於市場供需、土地成本和變動成本，建商向來是從開發成本來反映房價，經濟學者則由市場供需來論房價的高低，買屋的人看房價是越低越好，賣屋的人則剛好相反，所以是見仁見智的問題。　　房地產業認為，最客觀的方式是回歸到國際上都認可的分析模式，即以家庭所得來評斷房價的合理與否，也就是所謂的「合理房價」。　　根據行政院主計處的資料顯示，所謂的「合理房價」，應該是在年家庭可支配所得的三點五到四倍之間。　　依八十八年國人的家庭可支配所得，台灣省為八十九萬元、台北市一百廿萬元、高雄市九十四萬元。推估的數據是：台灣省的合理房價應在三百十一萬元到三百五十六萬元之間，台北市為四百廿三萬元到四百八十三萬元，高雄市則為三百卅萬元到三百七十七萬元。　　另依經建會定義的國人合理居住空間每戶卅七‧五坪換算，台灣省的合理單價應在每坪八萬三千元到九萬五千元之間，台北市在十一萬三千元到十二萬九千元，高雄市則在八萬八千元到十萬一千元之間。　　根據上述標準，以及信義房屋年度的房價調查統計，即「兩千年台灣地區房地產產業年鑑」，目前全台地區的房價，大多已跌落到近十年來的最低點。　　信義不動產企劃研究室副理張欣民指出，目前除台北市的房價大幅跳脫合理範圍以外，要在台北市以外找到合理房價的標的，並不困難。尤其餘屋賣壓沈重的台北縣、基隆、桃園、台中、台南、高雄等地，今年部份建商求現周轉壓力轉劇後，紛紛把當年預售行情高出合理房價三、四成個案，被迫向下修正售價到合理房價方向。　　事實上，經建會定義的合理居住空間卅七．五坪（公設比為二○％），比市場上一般認知的標準居住坪數卅坪還大很多。若以後者為標準換算，則國內的合理房價又可往上提高每坪兩萬元左右，那麼符合合理房價的標的物，相對就更多。　　不過，張欣民也指出，所謂的「合理房價」，並不能與「合理的居住環境」劃上等號，必須考慮到俗話所說的「便宜無好貨」。
                
                


    
"
2000/08/19_64,"2000/08/19- [工商] 


台開購地疑雲　檢調追查資金流向


                【朱珮瑛／台北報導】　　台開信託向遠森公司（原名遠倉公司）購買楊梅土地一案，在檢調偵辦後，發現可能涉及重大利益輸送，並疑有近億元回扣流向東森集團及台開高層，使此案疑雲愈滾愈大。據了解，在去年十一月廿五日召開的董監事會議中，擔任主席的董事長劉金標與總經理蔡宗榮，均一致支持這項購地案，因此使得該案迅速通過。　　台開內部人士指出，在台開決定購買該筆土地的關鍵性董監事聯席會議（第十二屆董事、第十四屆監察人第五次聯席會議）紀錄中，即詳錄購地案照案通過的過程，也可看出台開各董監事對購地案支持與否的態度。　　這次會議是在去年十一月廿五日上午九時召開，由台開董事長劉金標擔任主席，出席董事包括高建文、林三孃、蔡豪、鍾敬、陳釘雲（黃鈴雄代）、賴其炎、黃鈴雄、王高津（賴其炎代），監察人邱復生未出席、邱錦檉請假，另列席者包括總經理蔡宗榮、謝憲昭（公出）、陳龍泉、李石渝、傅竹梅、黃鴻謀、林錦忠、蘇清雄、陳文可、蔡和雄、胡紹蓉、郭德郎、呂明泰、李火龍。以下為會議紀錄內容：　　提案四：本公司為拓展業務，擬以總價新台幣壹拾捌億貳仟柒佰零伍萬元整承購遠東倉儲股份有限公司所有之桃園縣楊梅鎮老坑段8-353、8-354地號等四三四筆土地，面積七萬五四九八平方公尺（約二萬二八三八‧一四五坪）以便開發，謹檢呈可行性評估報告、鑑價報告等各乙份，謹提請　　核議。（報告人：開發部經理陳文可）　　主席發言：請總經理就本案之重要性、土地承購價格是否合理以及銷售市場等，提出適當之說明。　　蔡總經理宗榮報告：本案及下一案如能依開發部所評估出售應可獲利十億元以上；為使公司有足夠收入及盈餘，及為刻不容緩之事。本案因老丙建執照即將於十二月到期，案經通過後應辦理延期；觀本案附近房價，本案每坪售價二十萬元以上應有可能，故從各角度觀之應屬不錯，本公司較少建造高價位建物之經驗，惟公司既然要成長及生存，即應作嚐試。　　鍾董事敬發言：本案須投入資本三十多億元，又屬每坪售價二十萬元之高品質建物，建議仍須經廣告市調，對附近房價作調查。　　高副董事長建文報告：每坪二十萬元難稱高價位，而目前房地產市場之低價位房屋，早已供過於求，隨著國民生活水準增加，市場上對品質有高度要求，本人十分認同並接受開發部此一提案。此類產品應以良好社區環境為包裝考量，不能以一般公寓等基本需求比較，附近社區如陽光加州第一期行情現已穩定於每坪十八萬元、領袖山莊每坪售價為二十幾萬元。本案地勢環境優良，交通方便，銷售對象為竹科園電子新貴，以竹科園內高品質住宅很少之情況，本人對本案之品質、特色、價位及環境予以認同，本案如執照無問題，建造期間會較短，約二年內可以完成，較諸開發工業區及低價位公寓更能符合市場需求，本人持樂觀態度。　　蔡總經理宗榮報告：開發部所提評估報告第九、十頁有附近房地產銷售情況之資料，請各位參考，楊梅地區平均銷售率八成以上，而本案品質較佳，故價位應屬可達到之情況。　　鍾董事敬發言：本人尊重高副董之專業能力，對本案亦予支持。　　黃董事鈴雄發言：　　本案最好於銷售前即有溫泉以利銷售，建請訂約時注意如部分假設條件不能達成之解決方式。　　開發案應注意以下幾點：一、水土保持：因本公司為永續經營，故品質應穩固；二、產品結構：建議考慮以部分雙併作主力，使其可合併亦可獨立，進可攻退可守；三、產品造型及景觀：台灣房屋市場已然成熟，較難投機，既屬高品質，即應注意造型並配合產品定位才有特色，並注意景觀問題，於大門出入道路兩旁種樹、種花以美化；四、重視產品行銷：隨時掌握訊息，銷售對象應是竹科園區、中壢地區之大公司及大工廠。　　蔡董事豪發言：總經理所提執照問題於附件五之註一註二有說明，依內政部規定得自動延期兩年，至於景觀及造型等既有高副董協助應無問題，溫泉鑽探部分經中油陳董事長朝威親自言明將照計畫進行，由於議價有其時效性，故建議以授權辦理方式為宜。　　陳文可經理報告：對方承諾於六個月內會將溫泉水權交予我方。　　蔡總經理宗榮報告：因後續辦理事宜很多且需爭取時間，故授權經理部門辦理，較為符合需求。　　主席發言：　　本公司逾放金額高，如無新資金挹注，則今明年恐將難以為繼，此二件開發案可為公司帶來十多億元之盈餘，雖此等盈餘仍不足彌補損失，然此二案仍十分重要並關係公司存亡，不能拖延，請同仁了解其重要性。　　本案地理環境與附近社區環境相較為優，本人亦喜歡此一環境，認為有塑造高品質之潛力，應有每坪二十萬元出售之可能；另，本人對高副董之專業素養有信心，其專長經驗乃本人及公司所要借重者，公司要轉虧為盈，尚須倚重高副董重振土地開發業務，希同仁向高副董多加學習，提升素質。至於執行時之技術性問題，請開發部門多費心，並請各部門高度配合，透過此二案扭轉公司形象。　　決議：本案照案通過。
                
                


    
"
2000/08/19_80,"2000/08/19- [中時] 


林肯大郡受災戶陳情　獲善意回應　金融局擬檢討取消連帶保證人責任


                【陳駿逸／台北報導】　　因颱風房屋發生災變逾三年的林肯大郡受災戶，昨（十八）日集體前往財政部請願，要求財政部以專案方式，就抵押品不完全由災戶承擔、檢討取消連帶保證人責任二項訴求，在八月底前，與以合庫為主的二十餘家債權銀行協商。此一訴求，出面接待的金融局官員原則同意受理協商解決。　　前往財政部陳情的受災戶說，他們已和營建署周旋了三年，到目前都沒有結果，而前幾天，東帝士集團負責人跑了一趟財政部，不久之後，政府馬上協調銀行團，在第一銀行總行召開紓困會議，隨後又推出三千二百億元的優惠房貸方案，因此，他們認為財政部不會拒人於千里之外，只要能力所及，都會出面協調，除非財政部只看得起大財團，卻看不起小市民。　　受災戶代表指出，他們是因為部分承做房貸的銀行，例如遠東商銀，近日派員轉向當初貸款的連帶保證人施壓，影響所及，有些保證人因此連申辦信用卡，都遭到拒絕，為此，他們決定向財政部反映，爭取只繳房貸本金，免除利息的條件，以讓他們度過難關。　　受災戶表示，政府雖承諾比照九二一地震災戶辦理，但所謂「緩繳」，實際上還是要繳交利息，銀行團作法是緩繳期間的利息照計，如果利息貸款三百萬元，以八％年率計算，緩繳三年下來的利息負擔，也高達七十餘萬元。　　受災戶強調，林肯大郡因風災發生崩塌事件，其中有中央政府的錯誤政策，也涉及地方政府失職，災變之後，當地房價大幅貶值，根本不可能賣得掉，災戶當然是最直接的受害者，但他們也希望政府協調銀行團，多少負起一些社會責任。　　財政部金融局官員出面接待受災戶表示，金融局會針對這些問題，邀集銀行團討論。據了解，在二十餘家承做林肯大郡房貸的銀行中，最主要有四家，分別是合作金庫、土地銀行、大安銀行、和安泰銀行。合庫方面已初步同意，願意由財政部出面，代為協調銀行團擬具處理方案，協助災戶解決問題。
                
                


    
"
2000/08/21_71,"2000/08/21- [中時/焦點新聞/03版] 


新政府財經政策不及格


                【時報】　　新政府三個月的財經政策，顯然是不及格的。　　五二○之後，首先出爐的工時案，讓企業界立即強烈感受到，新政府對財經政策完全缺乏操控力，接下來的股市護盤，更是一敗塗地。一來師出無名，護盤者不知為何而戰。要說非經濟因素，看看兩岸平穩，顯然不能成立；要說避免國內金融與產業發生系統性風險，仔細檢閱金融機構與企業財務情況，顯然也不存在著二年前本土金融風暴時的問題。硬要說為何要護盤，恐怕只是新政府的「面子」問題。既然師出無名，要法人共襄盛舉也難。　　加上外行領導內行，護盤期間，新政府忘記華爾街名言：「不要違抗市場、不要與報價機爭辯」，硬壓護盤基金購買傳統產業股，違背市場潮流，難以得到認同。結果不但政府基金套牢虧損，股價指數也越護越低、成交量越買越少。不當干預結果，股市成為眾人皆仰望政府基金表演的場所，最後只能棄守。新政府在股市方面表現根本不及格。　　在產業政策方面，兩岸經貿與投資的寬鬆、促產條例獎勵項目的檢討、高科技員工分紅的課稅問題，新政府都出現前後不一、反覆不定的毛病。新政府基於財源與稅賦公平原則，有意減少獎勵投資項目，並對高科技員工分紅按實價課稅，結果現實面的影響是出現高科技出走之聲、業者懷疑政府是否還支持高科技產業發展、股市受挫。難怪台積電董事長張忠謀會在與唐飛會面時，沉痛的說出「新政府上台後，高科技業者非常不安」。雖然政策最後修正，但長達二個月的官員放話與不安定感，已造成傷害。　　而挽救傳統產業政策方面，也是舊瓶新裝，只是把過去錯誤與未完成的政策，再拿出來宣導。例如既不叫好亦不叫座的重置型基金，新政府宣稱要募集三百億元，購買傳統產業的股票。事實上挽救傳統產業與挽救傳統產業的股價是兩回事，新政府試圖強迫投信法人發行重置型基金購買傳統產業股票，這種不由產業面與公司體質面著手的救法，結果只是套牢相信政府的投資人，讓大股東解套，對傳統產業毫無幫助，充其量只能短期粉飾太平。　　而被列為挽救傳統產業政策重要一環的房市政策上，新政府推出三千多億元的優惠房貸，也頗具爭議。這項表面上打著嘉惠無殼族、避免金融危機等旗號的政策，實際上則是為了支撐房價、挽救建商。這由優惠房貸中，有二千億元不限首購者即可知。分析這項政策，且不談社會公平問題，短期而言支撐房價，讓建商解套，有意購屋者受此刺激進場購屋；長期而言，房價得到政府輸血、以扭曲方式支撐，需求又提早消化，金融機構亦可能背負「邊際貸款者」的風險，甚至可能演變成「三輸」的局面。　　此外官員不斷失言，政府上下溝通不良，也讓外界難以接受。例如阿扁總統才說高科技員工分紅實價課稅不實施，財政部部長許嘉棟立刻說他沒聽到，還是要實施；經濟部說美濃水庫不建，南部用水無虞，水資局又說「會有問題」，地方政府也立刻發表聲明，反對中央的「替代計畫」；儘管由總統到財政部說過千百次不實施國安捐，但央行副總裁陳師孟還是一再宣揚國安捐理念。　　其他如核四的檢討、宣布美濃水庫不蓋、總預算刪減經建支出等政策，新政府中的政務委員似乎都是「社會賢達」，完全沒有財經專業背景者，政府中連財經政策的領袖是誰都看不出。這些都讓業界對新政府的財經政策品質缺乏信心，對未來投資環境產生疑慮。　　台灣的經濟與股市，由新政府上任前的一片看好，到今日的奮力守住八千點、經濟成長率往下調整，經濟前景一片茫然，新政府這三個月的財經政策成績，明顯不及格。
                
                


    
"
2000/08/21_78,"2000/08/21- [工商] 


優惠房貸推出一週　新成屋中古屋買氣簇擁　部分建商、屋主紛紛降價求售


                【蔡惠芳／台北報導】　　行政院推出三千兩百億元優惠房貸後，上週為正式受理申貸以來的第一週，不論新成屋、中古屋市場都捷報頻傳，吸納大量的買氣，但大體而言，市況是幾家歡樂幾家愁，並非「統統有獎」，有些建商、屋主在抱著「此時不賣，更待何時」的心態下，似乎視這一波政策優惠措施為逃命線，也「識相」的願意降價求售，一般預料三千兩百億元的額度，可能會在四個月之內，宣告用罄，其中中古屋可能會佔去一半。　　這兩週來，行政院送給房地產市場一個大紅包，不少消費者在五．五％的超低利優惠房貸的誘惑下，紛紛進場看屋、下訂，讓新成屋、中古屋爆出大量人氣和買氣。　　據調查，連續兩週的星期假日，北台灣地區平均一週有八十個工地打廣告、招徠客戶上門，其中有四分之一的工地明確訴求，有五．五％低利房貸的配合。　　甚至和信企業團捷和建設，打出利率五％的超低利貸款，促銷「水蓮山莊」；東帝士集團也在基隆的「山海關」、「哈囉CITY」、新店「達觀鎮」提供公司兩成三年零利率的付款方式；國泰建設跟著行政院宣布利多的腳步之後，立即推出「卅六週年特惠購屋專案」；太平洋建設為了促銷「敦南大地」，則推出九三％貸款、自備款七％交屋的付款方式。　　租售報導企研室主任李明章表示，大體來看，台北市以外不少新成屋工地，尤其是大型知名建商品牌的個案，工地現場銷售人員每到週末假日都忙得團團轉，拜行政院送出五．五％低利房貸所賜，成交比、看屋量平均增加三到五成，顯示這一波政策利多對於振興房市買氣，確實奏效。　　新聯陽實業表示，受到政策利多的刺激，北台灣新成屋工地現場，週末假日的人潮竟然出現久違的爆滿現象，來人、成交數量都總計北台灣地區約八成的購屋民眾主動詢問申請優惠房貸。　　據捷和建設、中信房屋表示，水蓮在行政院宣布推出優惠房貸專案後第一週，以降價求售、五％利率和公司提供前兩年貸款等配套促銷專案，結果一百戶中就賣掉了九十七戶；第二週累計到週日晚上為止，總共又賣掉八十一戶，其中週末和週日就吸引五百一十五組參觀客戶，成交五十七戶，買氣也相當「誇張」。　　新店「天闊」雖然走中大坪數路線，但是卅七坪、一百零六坪的單位最搶手，週末假日銷售人員也是接待客戶到腿痠。新聯豪廣告公司企劃部副理陳素芳表示，累計近一個多月來來人組數逾兩千組，其中台北市客源佔了八○％、新店區域客僅二○％，這顯示出換屋族也紛紛出籠購屋，並不只是帶動首次購屋客戶進場。　　然而，基隆、桃園有些地段偏遠、餘屋量太大的新成屋，買氣、人氣仍不如預期。有些台北縣採「不二價」的個案，銷售成績也未見起色。市場人士認為，主要是地段、產品規劃和客戶預期房價還有下跌空間的心理所致。　　至於預售工地，除了中低總價的個案外，近兩週來也未如原先預期的產生「排擠」作用，買氣被五．五％低利房貸措施所稀釋。　　大體來說，北台灣市場近兩週來，買氣是幾家歡樂幾家愁，政府的大紅包、也未必是「統統都有獎」。業界一般預料，三千兩百億元在未來四個月內，很有可能會被搶貸一空，再加上很多代銷業者、建商和房屋仲介公司不斷告訴消費者腳步要快，否則貸款很快會告罄，因此最近客戶購屋的速度，也比一般交易程序要快，據指出，有七成以上是直接付足訂金、而非只付「小訂」，顯示客戶也有搶額度的心態。　　值得注意的是，有些建商、屋主的心態，基於擔心額度很快告罄，因此抱持「此時不賣、更待何時」的看法，寧可降價求售、也要說服買主掏出腰包。　　以新店「天闊」來說，不少購買大坪數、高總價的客戶紛紛主動爭取議價，而三圓建設在新聯陽實業的建議下，願意針對大坪數買主，折讓價格或贈送家具或家電，以拉近買賣雙方的價格認知、相對地也提高成交率；捷和「水蓮山莊」也主動降價到最低每坪十四萬八千萬元，結果也創下不錯的銷售成績；淡水「空間王」打每坪八萬八千元；中壢「煇煌年代」則吸收利率差價，把原本提供六．五九％的貸款、高出五．五％的利息差一併吸引，結果也提高成交比到三比一。　　其實，不只是建商願意讓價，以儘速出清庫存屋，就連中古屋市場的賣方，也「識相」的縮小議價空間，這使得一向畏懼農曆鬼月的中古屋，竟然在今年農曆鬼月中，創下不錯的佳績。　　永慶房屋、太平洋房屋、信義房屋等公司統計，行政院的優惠房貸一推出，成屋市場買方看屋量立即湧現，據統計，八月上半個月，台北縣買方的看屋組數比七月同期增加一成五以上，而台北市看屋量也增加將近一成左右；此外，賣方價格彈性亦相對放大，調降比例明顯較七月增加一成，在買賣雙方價格認知差距縮小的優勢下，成交率也顯著提高，顯示優惠房貸政策對買賣雙方皆已產生效益。　　而成交最熱絡的標的，尤其以總價六百萬元到八百萬元房屋，最受歡迎。　　永慶房屋總經理廖本勝表示，此次優惠房貸的額度多在兩百五十萬元到四百五十萬元之間，對於台北市區動輒上千萬、貸款金額也至少需七百萬元、甚至上千萬元的房屋來說，通常這類型的買方，對房價的關心度反而比房貸優惠政策更來得明顯。　　而優惠房貸除了帶來買方看屋量的增加外，不少屋主也希望趁早將房屋售出，因此屋主的售屋意願、價格彈性雙雙提高，統計八月份屋主價格上作調降的比例，明顯較七月增加一成左右，屋主委託售屋量則較七月成長二％。預料這次政策利多，將明顯有助於整體市場買氣的提昇，只要不再有天災及人禍的干擾，房市按常理來說應可緩慢復甦。
                
                


    
"
2000/08/22_15,"2000/08/22- [工商] 


北市築巢不吃不喝6年才能圓夢　十六年來北市房價上漲三．六倍，今年購屋痛苦指數為六．一


                【陳高超／台北報導　　】　　根據永慶、二十一世紀兩房仲業者，對今年「購屋壓力指數」，即購屋痛苦指數所做的交叉分析指出，台北市八十九年購屋痛苦指數平均為六‧一，即在北市擁有一棟房屋，不吃不喝平均須需六‧一年時間，而在中南部買厝，只須一至三年，顯示，台北居的確大不易，中南部反而好入厝。　　根據永慶房屋所做的近十六年來北市購屋壓力指數顯示，從民國七十三年至今，北市一棟三十坪房屋，從總價二百零九萬元上漲至八十九年的七百五十萬元，平均十六年，房價共上漲了三‧六倍。根據經建會所做的全年每戶經常性收入調查，由民國七十三年的四十四萬元，上揚至八十九年的一百二十二萬元，即十六年來每個家庭的年收入約增加了一‧八倍，顯示國人年收入漲幅，仍跟不上房價漲幅。　　若以房價除以經常性收入所得的購屋壓力指數來分析，則想在北市買一棟房屋，平均須花費六‧一年始可圓夢。八十九年北市購屋壓力指數即購屋痛苦指數高達六‧一。　　房仲業者指出，所謂購屋壓力指數，即是將各年度的房屋總價，除以當年度的經常性收入而得之。根據十六年來的統計，北市各年度購屋痛苦指數約在四‧七至九‧七之間，其中，民國七十三年至七十五年最低，平均在四‧三至四‧七之間，最高為七十七年至七十九年間，平均為九‧七，主因當時房市價格暴漲，一日三市。至於今年，購屋痛苦指數為六‧一，比去年的五‧九稍高，不過，八十九年購屋壓力指數仍低於八十七年的六‧三。　　根據調查，除台北市之外，台灣省一間三十坪房屋總價約二百八十九萬元，台灣家庭年平均收入約一百零五萬元，若將兩者相除，所得購屋壓力指數即為二‧七四，表示想在台灣省擁有一殼，平均須花二‧七四年始能圓夢。　　這項購屋指數，由於尚未算進衣食住行育樂費用，所以是以不吃不喝不穿計算，當然，若計入生活成本，購屋並非如此簡單，不過，從房屋總價與經常性收入兩者加以比較，台灣人背殼已愈來愈不辛苦，加上政府祭出三千二百億元優惠房貸，無殼蝸牛此次想一圓購屋夢，實並非難事。
                
                


    
"
2000/08/22_56,"2000/08/22- [工商] 


房價不斷攀高　生活成本超過高薪誘因　美矽谷灣區徵才、留才面臨困難


                【陳麗玉／外電報導】　　美國矽谷灣區的房價不斷攀高，使得即使有可能晉升經理階層的高階員工也在考慮生活成本超過矽谷誘人薪資的現實。而這樣的情況，再加上在歷史低點的失業率，使得矽谷企業在聘用人才與留住人才兩方面面臨困難。　　為了因應這樣的情形，企業開始改變招募新人的計畫，因為這樣的方式不只花錢還可能加劇本地高階員工的競爭。　　加州經濟持續研究中心總監拉維說：「兩件事情將發生：企業將發現愈來愈難在此擴張，以及無法賺很高薪水的人們發現愈來愈難以在此生存。」　　他說：「你不能經營一個公司，而許多你的員工卻負擔不起在此生活。」例如，矽谷的公司就無法吸引紐約公關經理人克蘭博格。他在大約一年前原本很認真的考慮灣區的三個工作，最後卻因高額的房價打消了念頭。　　灣區的中等住家的價格去年漲到四十六萬五千四百一十萬美元，增幅達二六％，讓企業擔心如何留住現有的員工。　　因此，企業已經開始採取各式各樣的措施。一些灣區的企業開始讓員工在灣區以外的地方工作，或是在位於其他城市的家中工作。另外，企業對於主管住在其他地方的容忍度也提高了，他們週日飛到灣區工作，週五再飛回家裡。　　英特爾也嘗試減輕灣區員工的通勤壓力，本月在舊金山和聖瑞門為通勤員工設辦公室。　　有時候公司直接給錢，有時候以房屋津貼或貸款方式提供給高階員工。如果是為了吸引執行長階層的人選在灣區的公司工作，提供的房屋貸款還可能超過一百萬美元。　　位於聖黎恩德羅的會計公司ArmaninoMcKenna本月宣佈，提供新主管高達五萬美元的低利房貸，以留住人才。因為房價高也很難在外地找人，加上還要付更高的薪水，許多公司盡量在矽谷當地找人。　　而一些灣區的公司乾脆離開矽谷，貨車公司ConsolidatedFreightways七月宣佈將總部從曼羅公園搬到華盛頓州的溫哥華，就是因為房價成本過高。　　經濟學家指出，如果沒有足夠的房子給員工的話，最後將有更多企業出走。
                
                


    
"
2000/08/22_59,"2000/08/22- [中時/產業與資訊/24版] 


除北市外 民眾購屋壓力減輕　今年購屋壓力指數減少一個單位房價漸下跌至合理面


                【蔡惠芳／台北報導】　　全省最新購屋壓力指數昨天出爐，根據美國廿一世紀（Century21）不動產台灣區總部，最新完成的調查顯示，台灣地區十八個縣市中，台北市名列榜首，壓力指數達四．九二；而購屋壓力最低的地區則是高雄市，平均只需一．九七年就可買一棟房子，足足比台北人少花近三年的時間。整體而言，全省平均指數比一年前減少○．九，意味著台灣的房價水準逐漸下跌到合理面。　　廿一世紀不動產公司進行的購屋壓力指數調查，其計算方式是：「房屋平均總價除以家庭年平均收入等於購屋壓力指數」，所謂「購屋壓力指數」，係指一個家庭在不吃不喝、將所有收入都購屋置產，所需要的時間。　　該調查以平均卅坪、中古屋房價為樣本，對照行政院主計處統計的家庭年收入的結果顯示，全省平均的購屋壓力指數為二．七四，而前一年的購屋壓力指數約為三．六四。顯示今年的購屋壓力指數，已減少一個單位。　　以一般國際標準來說，指數在五以內，係屬合理負擔範圍。以報告結果來看，目前台灣的房價水準，除台北市之外，似乎已相對達到民眾可負擔的範圍。　　然而，該調查報告仍顯示，台北市房價還是勇奪狀元，高居全國榜首，不僅房屋平均總價為七百廿四萬元，幾乎是排名第二的台北縣一戶要三百七十三萬元的兩倍，家庭平均年收入為一百四十七萬三千元，因此購屋壓力要四．九二年，比台北縣三．三九、多了約一年半，顯示台北市的居民購屋壓力仍不輕鬆。　　至於高雄市，則因近幾年房價下挫幅度較深，以往最高紀錄平均每坪廿萬元以上，現在有些地段已「攔腰斬」、跌幅深達五○％，但當地居民的家庭所得相對並未減少，所以在高雄市買屋反而較為輕鬆，僅一．九三年就可以買到。　　台中市也類似高雄市，在餘屋賣壓下、房價不易拉抬，壓力指數也僅一．九九。
                
                


    
"
2000/08/23_13,"2000/08/23- [工商] 


休閒風盛行 俱樂部型個案熱銷　產權、品質及管理方式，是消費者選購要件


                【陳高超／台北報導】　　「買一張俱樂部會員卡，反送一棟房屋？」今夏靠俱樂部，來促銷房地產個案，愈來愈多，從號召委託飯店管理、飯店自管，到個人式專屬服務，名堂愈來愈多。俱樂部不但成為票房保證之一，連其所附帶的會員卡，也應聲喊漲，增值力反而更驚人。　　富陽建設協理王明正表示，現階段買屋的價值觀，已逐漸在改變中。很多人買房屋已突破傳統價值觀，買附有俱樂部的房屋，反而愈來愈增值，尤其是看海景、捷運、俱樂部、鋼骨等個案，成為現階段購屋者的基本賣點之一，「一屋多賣點」、物超所值，購屋人反而容易下訂、成交。簡言之，目前市場盡是一群理性購屋群，也主導了產品的未來趨勢。　　房仲業者提出，目前俱樂部結合房地產的個案，大致可分成三類，一是委託飯店經營，住戶多為永久會員，但每月需繳月費，典型個案如萬里太平洋翡翠灣，金山天籟、新店達觀等。其次，採飯店式管理、服務，部份設施是免費，有些則酌收費用，個案如大安區大安麗池、新店青山鎮等。至於第三類則屬個人式專門服務，如設有個人式SPA水療服務等，如太平洋翡翠灣一案，最近即增設二百五十坪的水療館，其他如紅樹林站的富陽四季一案，則規劃有二千餘坪的俱樂部，足足有三層的水療館等設施。　　若從俱樂部使用權來分析，位於紅樹林站對面的富陽四季一案的俱樂部，為專屬住戶使用，不對外開放，其與捷運忠孝復興站的朕廈、大安區的大安麗池等相同，皆只限住戶專用。其他如信義計畫區的國王與我、三芝、八里地中海、金山天籟、新店達觀等，俱樂部多採對外開放。　　時值八月，北台灣靠俱樂部為主訴求的房地產個案，約五比一，即每五戶有一戶，設有簡單或專屬的俱樂部。買屋時，特別要問清其產權與分設分攤比例。尤其是管委會功能與接管情形，俱樂部硬軟體，是否有長期維修能力，如建商應留一筆管理基金，待管委會成立再移交以建立完善經營。　　尤其是對外開放的俱樂部，由於其有營運收入，特別要問是否有申請游泳池專屬執照，另外，產權若由住戶共同來持分，公設比仍應以二五％至三○％為宜，以免買到虛坪。不過，規劃有俱樂部的住宅案，一般其房價較高，但增值與脫手條件亦較佳，惟俱樂部品質、經營是否得當，是選購時的要件之一。
                
                


    
"
2000/08/25_42,"2000/08/25- [工商] 


低利房貸效應　投資客鎖定學生套房


                【蔡惠芳／台北報導】　　行政院釋出三千兩百億元、年利五．五％的優惠房貸專案後，房地產市場上又興起一條新興的避險、保值管道，平均租金報酬率達五．五％的學生套房租屋市場，再度被投資客鎖定為目標，有些投資客把整層公寓或大樓、改裝成小套房或雅房，再分租給學生，這種「小單位」化的資產管理模式，租金投資報酬率在八％到一六％之間。　　政府推出五．五％低利房貸專案之後，不但首次購屋、換屋客紛紛出籠，甚至還令絕跡多年的投資客，再度蠢蠢欲動。信義房屋公司不動產企劃室副理張欣民表示，近年來房價都明顯向下修正，相對地，全省各地的大學附近，學生租屋市場卻一枝獨秀，甚至租金報酬率也高人一等，因此手中有些閒錢的投資客，也開始鎖定學生套房、或小單位的住宅，以逢低介入、長期持有，算下來如果以整層住家再分割成小單位的雅房、套房，投資報酬率便可能高達八％到一六％。　　信義房屋企研室廿四日完成一項「全國最新大學商圈附近學生租屋行情、租金報酬率」的調查，結果指出，目前大學商圈附近租金報酬率高於五．五％，是非常普遍的現象，尤其在基隆、淡水、三峽、桃竹、台中、台南、高雄等七個大學商圈，若一戶總價不超過一百五十萬元，就不會超出優惠房貸的額度，相對地，投資效益也非常高，因此也吸引一些投資客介入。　　調查結果還指出，以全國十七所公私立大學附近的小套房，為調查樣本的結果，是台北市大同工學院附近的租金最為昂貴，每月至少一萬元到一萬五千元，高居全國大學院校附近租金的「榜首」。　　其次，是銘傳大學附近也相當炙手可熱，一間小套房的月租金要九千元到一萬三千元。　　如果是分租式的雅房，則台大、師大附近最為昂貴，一間每月租金要價五千元到六千五百元；其次，銘傳大學附近也要五千元到五千五百元，才租得到一間。　　在整層住家方面，十七所大學中，以大同工學院最貴，從一萬八千元「起跳」、到兩萬五千元都有；其次是銘傳，一萬八千元到兩萬三千元之間；而台大、師大旁邊也是「一屋難求」，每月要付出一萬六千元到兩萬六千元，才租得到。　　張欣民說，一般而言，雅房的租金報酬率，比套房、整層住家要高；而中古屋又比新完工成屋的租金報酬率高。
                
                


    
"
2000/08/25_7,"2000/08/25- [中時/產業與資訊/24版] 


學生套房低利房貸投資新管道　投資客買下改裝出租報酬率達8%-16%間


                【蔡惠芳／台北報導】　　行政院釋出三千兩百億元、年利五．五％的優惠房貸專案後，房地產市場上又興起一條新興的避險、保值管道，平均租金報酬率達五．五％的學生套房租屋市場，再度被投資客鎖定為目標，有些投資客把整層公寓或大樓、改裝成小套房或雅房，再分租給學生，這種「小單位」化的資產管理模式，租金投資報酬率在八％到一六％之間。　　政府推出五．五％低利房貸專案之後，不但首次購屋、換屋客紛紛出籠，甚至還令絕跡多年的投資客，再度蠢蠢欲動。信義房屋公司不動產企劃室副理張欣民表示，近年來房價都明顯向下修正，相對地，全省各地的大學附近，學生租屋市場卻一枝獨秀，甚至租金報酬率也高人一等，因此手中有些閒錢的投資客，也開始鎖定學生套房、或小單位的住宅，以逢低介入、長期持有，算下來如果以整層住家再分割成小單位的雅房、套房。　　信義房屋企研室廿四日完成一項「全國最新大學商圈附近學生租屋行情、租金報酬率」的調查，結果指出，目前大學商圈附近租金報酬率高於五．五％，是非常普遍的現象，尤其在基隆、淡水、三峽、桃竹、台中、台南、高雄等七個大學商圈，若一戶總價不超過一百五十萬元，就不會超出優惠房貸的額度，相對地，投資效益也非常高，因此也吸引一些投資客介入。　　調查結果還指出，以全國十七所公私立大學附近的小套房，為調查樣本的結果，是台北市大同工學院附近的租金最為昂貴，每月至少一萬元到一萬五千元，高居全國大學院校附近租金的「榜首」。　　其次，是銘傳大學附近也相當炙手可熱，一間小套房的月租金要九千元到一萬三千元。　　如果是分租式的雅房，則台大、師大附近最為昂貴，一間每月租金要價五千元到六千五百元；其次，銘傳大學附近也要五千元到五千五百元，才租得到一間。　　在整層住家方面，十七所大學中，以大同工學院最貴，從一萬八千元「起跳」、到兩萬五千元都有；其次是銘傳，一萬八千元到兩萬三千元之間；而台大、師大旁邊也是「一屋難求」，每月要付出一萬六千元到兩萬六千元，才租得到。　　張欣民說，一般而言，雅房的租金報酬率，比套房、整層住家要高；而中古屋又比新完工成屋的租金報酬率高。　　以各校附近雅房的中古屋租金報酬率來說，全國「榜首」出現在基隆海洋大學附近，平均租金報酬率高達一三．八％到一七．七％；換言之，由於附近中古屋房價幾乎是所有調查樣本最低者，每坪行情大約七萬六千元，但是每月租金卻有三千五百元到四千五百元之間，因此報酬率最高。反之，若在房價較貴的都會區，相對的租金報酬率會拉低，以台大、師大附近來說，新完工的套房，租金報酬率約僅一．九％到三．三％。
                
                


    
"
2000/08/25_73,"2000/08/25- [中時] 


颱風來襲正以檢驗平日政策


                【時報】　　碧利斯颱風橫掃全台，但北縣受創並不嚴重，比預期中的災情輕微，除了本地非颱風首當其衝的地點之外，平日的努力與臨時防範得宜應居首功。　　以汐止為例，碧利斯來襲，並未使當地積水盈尺，一則是雨量不大，二則是基隆河疏濬工程見效。　　汐止因遇雨淹水，災害頻傳，使得當地房價大幅下跌，不少屋主欲售無門，使得資金積壓，房屋閒置造成資源浪費，如果當地水患得以根除，改善淹水惡名，再配合政府的房貸措施，對當地應屬利多。　　颱風來襲正是以檢驗平日政策是否落實。例如，違建鐵皮屋飛進民宅，造成一人死亡的橫禍，即考驗拆除違建的工作尚待努力。再如，捷運板南線七站出現漏水的現象，使人擔心施工品質。　　颱風地震等自然災害雖不為人們所樂見，但對工程品質的良窳，政策的執行是否落實執行卻是一項考驗，迫使其缺點「自動現形」。藉此機會不妨體檢各項缺失，進而改進，當下回再遇到自然災害時，損失會更少。
                
                


    
"
2000/08/26_1,"2000/08/26- [中時] 


新航網路訂票上線


                【時報】　　高雄：新加坡航空公司自昨（十八）日起，在台灣地區提供網路訂票服務，凡是搭乘新航由台北到新加坡、香港、大阪、東京及高雄到新加坡的旅客都可以透過網路訂票，同時為推廣網路訂票服務，特別提供這些航段旅遊票價讓旅客選用。目前新航共有四十個航點提供電子機票，五十三個航點提供網路訂票，新航網址為ｈｔｔｐ：／／ｗｗｗ.ｓｉｎｇａｐｏｒｅａｉｒ.ｃｏｍ港龍航空 調整票價　　高雄：港龍航空台港航線票價自八月二十八日起調整，高雄、香港來回票價（安檢費內含）八千五百元，高雄、香港、台北來回票價八千八百元，其他從高雄到香港轉亞洲航線票價調整，可直接向港龍航空洽詢。漢神百貨 改裝出清　　高雄：漢神百貨六樓催事場即日起舉辦「國際名品改裝出清特賣會」至卅日止，展售ＫＡＴＨＡＲＩＮＥ　　ＨＡＭＮＥＴＴ、Ｄ＆Ｇ、ＥＸＴＥ、ＦＬＡＷＬＥＳＳ結束代理出清等魅力商品一折起，ＧＩＡＮＮＩ　　ＶＥＲＳＡＣＥ全面三折起，當季商品五折起，Ａｂａｈｏｕｓｅ、Ｃ．Ｋ內衣全面特價。夢萊茵新櫃 六折起　　高雄：ＩＬＬＵＮＡ夢萊茵精品館美國知名品牌ＨＩＣＫＯＫ ＆Ｐｒｉｎｃｅ　　Ｇａｒｄｎｅｒｒ新櫃進駐二樓，產品包括公事包、手提袋、銀色包、文具及飾品等；款式包括休閒用、上班用及晚宴用。開幕期間商品全面六折，精緻女包開幕特價二千元。遠百牛仔服飾拍賣會　　高雄：百貨二樓活動中心即日起舉辦「ｅ世代牛仔服飾拍賣會」至卅一日：ＬＥＥ牛仔褲特價六九○元、ＩＢＳ牛仔褲特價五九○元、牛仔短褲特價二九○元、ＮＡＫＡＩ、小森企劃三折起、ＨＯＭＭＥ四九○元起、Ｄ２、亞蘭德倫上衣一件二九○元二件五○○元等。知本老爺軍公教享六折　　台東：知本老爺酒店從九月一日起至十一月卅日止，特別優待軍公教人員，平日前往住宿，房價六折優待，假日住宿八五折，親友一起前往，限三房以內，可享同等優待，希望攜帶自己的服務證件。寶建醫院皮膚科 超值優惠屏東：為了服務青年學生，屏東寶建醫院首創成立皮膚科諮詢專線，該院統計發現重點問題還是在於費用，所以特別推出超值優惠專案全面六折大特價活動，有興趣的人可以接洽辦理。
                
                


    
"
2000/08/26_63,"2000/08/26- [工商] 


雖有低利房貸　粉領族購屋請別衝動


                【文／李偉麟】　　雖說有屋更能稱得上經濟獨立，加上政府3200億低利優惠房貸利多，但粉領族面對購屋大事，仍應理性多於感性、仔細衡量才行。政府祭出3,200億的低利優惠房貸，以5.5％的低利及一成自備款大幅降低購屋門檻，妳心底那股擁有一個溫暖的家的慾望是否蠢蠢欲動？相較於一般家庭購屋的需求，單身女性因預算不高，600萬元以下之低總價、二房一廳或套房產品為大宗，屋齡則以十年以內較受青睞。此外，單身女性重安全因素，對房屋環境，如住戶水準或周邊有無不良場所格外注重。女性購屋切勿流於感性衝動，應慎防情緒化購屋，多向有購屋經驗者諮詢，應可避免許多無謂損失。　　以女性較偏愛的套房產品為例，其格局、公設比對室內整體使用的便利性影響最大；十坪的小套房，公設多5％，就少了一張擺下午茶桌子的位置。　　此外，單身女性應注意「安全」問題，例如防火、防盜、大樓保全管理或區域的犯罪率等等。最好選擇設有管理員的房屋，否則，大樓大門對講機設備、警報系統及不斷電系統都可對居住品質安全多一層保障。而若考量日後因結婚或其他因素必須將手中所購置的房屋轉手，選擇交通便利、近學區或鄰近辦公商圈的產品。　　根據住商不動產的研究，只要不全然以套房作為投資標的來預估的話，套房產品的「總價低」，以總價300萬計算，七成約200萬元的貸款，若以20年8.0％的利率計算，每月僅需支付16,728元的貸款本息，對積極做理財規劃女性首購族來說，並不會是太大的負擔，，再若能適用於利率5.075%的勞工貸款或輔助人民自購住宅貸款，搭配目前各家銀行相繼推出首購低利率房貸，對受薪階級都是降低利息負擔的良機。同時，在每年申報所得稅時更可使用30萬元房貸利息免稅額，對整體理財規劃更是有莫大的幫助。　　目前房地產市場短期內仍是一個買方市場，房價要止跌上漲的機會並不大，所以若只是以投資的眼光，或是為了爭取低利補貼而勉強購屋等，都是不宜的。再者，優惠貸款的推出造成建商搶名額，加上建商以已主動降價為由等因素，議價空間相對會減少許多。若為了搶優惠房貸，忽略了比價，結果只是搶得了低利房貸，卻賠了房價，反而得不償失。前次1,500億房貸釋出時，有不少消費者要求在契約上加註一定要得到低利房貸資格才願購買的條款，倒是要求權益保障的一帖良方。〈買屋靠自己〉。
                
                


    
"
2000/08/28_35,"2000/08/28- [工商] 


週休二日後，在家休閒蔚為趨勢　今夏休閒住宅，平民化價格搶市場


                【蔡惠芳／台北報導】　　週休二日制實施以來，休閒住宅迅速崛起，「在家休閒」更是蔚為趨勢，隨著市場餘屋供給愈來愈大，今夏的休閒住宅也從以往的貴族化，愈來愈走向平民化，以台北都會區已完工的休閒住宅來說，與區域內一般住宅相較，大約每坪價差從一萬元到六萬元不等。　　最近內湖、木柵、淡水、三芝、新店與中和等地區，都有標榜休閒設施齊全而平民化的休閒住宅個案，趕在夏天的銷售旺季求售，少數銷售面臨抗性的休閒住宅，乾脆採取對外招租的手法，向一般短期天數消磨時間「只要休閒、不要住宅」的散客招手。　　有些標榜可「在家休閒」、擁有完善休閒俱樂部設施的住宅個案，隨著氣溫逐漸升高，而更顯得戰鼓頻催。休閒住宅量體龐大的三芝，「三芝熱帶嶼」、「淺水灣山莊」、「佛朗明哥」等休閒住宅，目前共有兩、三百戶未售餘屋。　　其中，「三芝熱帶嶼」規劃一百戶，作為散戶短期天數的渡假套房之用，類似觀光飯店的經營型態，對於只想在炎炎夏日享受Kurhause「水療館」、健身俱樂部和多樣化休閒設施的客戶來說，吸引力不小。　　此外，木柵「發現之旅」與「觀星台北」、淡水「水噹噹」與「閱讀山水」、內湖「公園錄」與「歐洲公園」、新店「天闊」與「江陵禮」、中和「天空之城」與「喜多」等住宅個案，也因擁有大型休閒俱樂部設施，而以「在家休閒」、在家就像住五星級觀光飯店。　　但是根據調查，這類標榜擁有大型休閒俱樂部的住宅，與區域一般住宅的價格相較，多半有每坪一到六萬元不等的價差；但是仔細觀察是否符合購買效益，基本上從俱樂部或休閒設施的使用頻率和使用效益、產權歸屬和種類、居住單純性和安全性、入會費和管理費、公設比，總共五大關鍵來看，就可發現每個休閒住宅的優缺點。　　房屋仲介業者認為，有些休閒住宅因擁有大量的休閒俱樂部設施，而導致公設比動輒二五％、三○％以上，房價也比一般住宅貴上每坪三、五萬元，可是在俱樂部產權統一由建商委託專業俱樂部經營管理、以提高使用效益和會員數時，往往日後房價增值空間、轉手性和市場流通性，都比較高，但相對的恐怕也會讓社區和大樓的出入份子比較複雜、影響居住品質和安全，因此最好經由實地訪查，才能找到真正擁有「在家休閒」樂趣的住宅。
                
                


    
"
2000/08/29_21,"2000/08/29- [工商] 


馬來西亞彭亨州美景得天獨厚，有上帝的禮物之稱彭亨州最適全家同遊


                【時報】　　有上帝的禮物之稱彭亨州最適全家同遊有豐富的原始森林、綿延的海岸，馬來西亞彭亨州美景得天獨厚，那裡的休閒度假村設施齊全，老少咸宜，被公認是全家同遊或定點旅遊的好去處。到　　馬來西亞旅遊，一般人都會想到蘭卡威、邦喀島、沙巴等適合年輕人的嬉水景點，但如果想帶全家老小一同遊玩，風景秀麗的彭亨州卻是個新選擇，在那裡的休閒渡假村裏打打高爾夫、槌球，或者在飄著棕櫚香氣的海灘作日光浴，都能輕鬆悠閒地享受夏日時光。　　彭亨是馬來半島最大的州屬，馬來西亞人稱其為上帝的禮物(a giftforMalaysia)，因為彭亨州有豐富的森林原始地及綿延海岸線，純粹的熱帶美景讓人驚嘆連連。因此延著東海岸線的城鎮裏，不乏四、五星級的國際休閒渡假村。怡人風景加上當地便宜的物價，使得彭亨州每到夏季便成為老外的渡假天堂。　　這些老外的渡假模式，通常是下飛機後馬上拉車3～5個小時到渡假旅館，在旅館悠閒地住宿3、4天之後，最後一天回到吉隆坡市區做簡短的CITYTOUR，然後搭飛機打道回府。這種定點式旅遊模式，愈來愈受平日忙碌的商務人士、上班族喜愛，把來回奔波的拉車時間節省下來，出國旅遊變得更EASY、更享受。　　馬來西亞觀光局推薦彭亨州幾處知名的渡假飯店，適合全家人作定點旅遊，每季天候不同，各有適合的套裝行程安排。　　蘭竹黃金海岸渡假村(LANJU GoldenBeachResort)蘭竹渡假村位於彭亨州的西南海岸，從吉坡隆下機後約須4小時車程才能抵達，雖然要搭這麼久的車，但是往後數日都可不必再坐車奔波，因為無論是水上活動、天然森林浴場，還是高爾夫球場、槌球場等各式運動遊樂設施，在蘭竹渡假村一處就可玩遍。　　蘭竹除了擁有3.5公里私人海岸之外，得天獨厚靠近一片森林原始地，到這裡千萬別錯過驚險的「叢林之旅」，開著高爾夫球場用的小台車，到叢林裏探險，活像電影侏羅紀公園中的冒險之旅。雖說業者已大致開出幾條羊腸小徑，但是路上不時有枯樹橫倒，被樹枝掃到更是家常便飯。如果沒有十足的冒險精神，也可請嚮導作陪順道作個「叢林知性之旅」，嚮導會介紹一些當地的珍葉奇木，例如當地人俗稱的威爾鋼樹，還有全馬僅有3棵的「血樹」等，都是蘭竹知名的特殊植物。　　──凱悅飯店　　任何前往彭亨東海岸線走廊的行程，一定包括該州首府關丹(KUANTAN)。關丹本身有國內線機場，交通便利，又靠近南中國海，景色怡人，每到夏天就吸引許多國外遊客來訪，連國際五星級的凱悅飯店也在此進駐，不過房價卻很便宜，每晚約新台幣2500元，想奢華一點住總統套房，每晚房價才新台幣1萬6千元左右。　　凱悅飯店鄰近市區，雖無天然原野設施，但是私人海灘、各式泳池、網球場、壁球場、SPA水療坊等一應俱全，附近20分鐘車程處就有一處專屬高爾夫球場，還有登山步道、腳踏車道等。飯店對面的街道邊就有手工藝品中心，販售各式木雕、蠟染布、貝殼飾品等。　　──LEGEND Resort　　關丹往北45公里又是一個著名度假小鎮-珍拉町(CHERATING)，珍拉町的民宿很多，LEGENDResort在其中算是頗具規模的渡假中心，一般來此的遊客都從吉隆坡搭機至關丹，再乘巴士、計程車至此。LEGENDResort內部設施有3處泳池、健身房、壁球場、三溫暖等，外接私人沙灘，並不特別豪華，但是就是由於其位處偏遠，沒有一般渡假飯店的喧鬧，而且房價便宜，吸引許多歐美人士來此做半個月至1個月的長期度假。　　從飯店往外走，除了一望無際的白色沙灘及碧綠的海水，就只有三三兩兩的民宅，由於當地信奉回教的人很多，因此居民仍相當害羞、保守，夜晚只有1、2家PUB可以小酌一番，幾乎沒有什麼夜生活。一些有閒有錢的外國人來到這兒是為了做「靜修之旅」，白天步行至山林、海邊靜坐修行，累了就回到飯店休憩、做三溫暖、按摩。想要解脫忙碌生活的人，可以來這兒度假感受海邊小鎮特有的寧靜生活。
                
                


    
"
2000/08/29_51,"2000/08/29- [中時] 


房地產不景氣　契稅收入銳減　上半年較去年同期減少五成七


                【許萬達／桃園報導】　　因房地產景氣持續低迷不振，桃園縣餘屋、空屋量高達九萬多戶，八十五年迄今房屋契稅持續呈現下滑，今年一至六月契稅收入且較去年同期下滑五成七，廿八日縣府召開產業經濟博覽會籌備會議中，前立委游日正引用公司所調查統計資料，說明業界所面臨經營困境。　　游日正目前是北區房屋仲介公司董事長，昨日針對房地產長期低迷不振，代表房地產業界大談苦水，認為振興房市刻不容緩，且只要縣內餘屋消化約一萬戶，以每戶平均契稅五萬元計算，縣府即可增加五億元收入。　　游日正指出，依據北區房屋不動產研究室調查統計，縣境除眷村改建國宅二千五百多戶外，餘屋、空屋量高達九萬三千多戶，另桃園地方法院法拍屋，每年高達一千八至二千件以上，顯示縣內房地產持續低迷不振。　　契稅為最主要地方稅，然房地產持續低迷結果，縣府契稅收入跟著減少，據查八十五年為十七億三千餘萬元，八十六年降為十五億五千餘萬元，八十七年再減為十四億五千萬元，八十八年更減到十三億三千多萬元，八十九年一至六月房屋契稅四億九千餘萬元，與去年同期八億五千萬相比衰退五成七。　　比較桃園縣與台北縣市的土地、房屋價錢，建地每坪台北市約八十至二百萬元、台北縣約卅至四十萬元或七十至八十萬元間；桃園縣平鎮市每坪約廿至廿五萬元、中壢市每坪約卅五至五十萬元。　　公寓住宅方面，北市每坪廿三至廿七萬元，北縣每坪八至十五萬元，蘆竹鄉南崁地區每坪六至八萬元；華夏部分，台北市每坪廿五至四十五萬元，台北縣每坪廿三至廿五萬元，桃園縣南崁每坪十至十二萬元；透天住宅部分，台北市數量少不具代表性，台北縣建坪五十五至七十坪，每棟約八百至一千五百萬元，桃園縣每棟約四百至八百萬元。　　游日正認為，桃園縣因有中正機場及國際大港計畫興建，縣內交通便利、就業機會良好且緊鄰大台北地區，房價沒有理由有好幾倍的差距，肯定縣府計畫帶頭促銷餘屋。
                
                


    
"
2000/08/31_32,"2000/08/31- [工商] 


〈月圓，可別夜慌慌〉颱風影響供給 秋節連假訂房趁早


                【李麗滿／台北報導】　　受到碧利斯等颱風風災影響，有不少旅遊據點因交通受阻，或安全問題，無法在中秋節提供服務，導致訂房情況吃緊，準備趁假期帶全家出遊賞月民眾，應趁早訂房、訂位，以免一位難求。　　據台灣休閒旅館協會指出，9月12日中秋節前夕，9月9日及10日正逢周休二日假期，有不少民眾自行請一天周一假，調整為4天連續中秋節假期，以規劃出遊行程；不過就目前訂房狀況來說，中秋節當天留宿者不多，消費者多數選擇前3天住宿，中秋節當天以訂晚餐、團圓賞月為主。　　由於地震災區復建慢、加上颱風風災及土石流持續影響，使得中部旅遊景點一直得靠打折促銷才能維持生計；像廬山蜜月館即使逢中秋節，住房亦可打8折，而東埔帝綸飯店甚至推出，每人只要999元特惠案，即可吃喝玩樂2天1夜。　　阿里山高山青飯店則推出「中秋特惠」，假期期間2人房1400元、4人房2600元等，另外，位於阿里山上的豐吉豐山飯店等，亦皆有相關折扣等，歐都納山野渡假村則有相關螢火蟲之旅，可欣賞至10月份左右。　　除了一般休閒旅館外，包括墾丁、花東地區等地休閒飯店，雖然沒有價位上的優惠，但皆有相關中秋節活動，值得一提的是，消費者訂房除了周六住宿為假日價位，周日及周一住宿還是可拿到非假日優惠價錢；像墾丁地區的凱撒飯店、小墾丁渡假村自9月起非假日皆有特惠價，消費者不妨多加利用。　　花東地區中秋節期間正逢金針花季時節，它並未因碧利斯颱風影響而花落葉垂，知本老爺酒店即指出，幾乎所有花東飯店皆有安排賞花遊程，因此從9月9日、10日、11日3天訂房狀況約已達9成，可見賞花人潮還是不少。　　知本老爺自9月起即推出軍公教專案，憑軍公教人員證明，平日房價可享6折、假日85折等，也是消費者可利用的省錢之道。
                
                


    
"
2000/08/31_44,"2000/08/31- [工商] 


捷運效應　板橋房市受惠多　優惠房貸案　嘉義、彰化等地成交量增加三成


                【陳高超／台北報導】　　政府釋出三千二百億元優惠房貸方案，已入第四周，除北縣部份地段表現出眾，且一掃過去鬼月低迷利空，另如嘉義、彰化地區房市成交亦較以往遽增三成，由於連接北縣市的捷運板南線即將通車，預計下一波受惠地區，將是目前餘屋高達三萬七千戶的板橋市。　　根據住商不動產調查，政府釋出三千二百億元優惠房貸方案後，迄今已進入第四周，各地都有表現，從基隆、北市、北縣、桃園、新竹、台中、彰化、嘉義、台南、高雄等，打到房仲公司店頭詢問電話，約較以往成長一成至五成，帶看量亦成長一成至三成，顯示，優惠房貸效應，已漸從北部擴散至中南部，且慢慢在擴散中。　　其中，表現最出眾的是嘉義地區，在優惠房貸起跑之後，除了來電、帶看量較以往增加三至四成外，成交案件亦成長三成，更較往年鬼月成交遽增一倍。至於彰化地區亦受惠，成交速度較以往快了三至四成，顯示優惠房貸效應，中南部已漸在發酵中。　　住商不動產更預測，由於中南部老一輩對鬼月買屋，心中餘悸猶存，加上部份地區議價空間縮小，所以買賣雙方殺價形成拉鋸戰，部份地區成交因而並不明顯，預計此波優惠房貸效應，可望會持續引爆。　　根據永慶房屋調查，由於捷運板南線將在八月三十一日正式通車，加上包括北縣板橋等十餘處地區，房價已深陷十年來新谷底，一旦板南線通車後，板橋市將成為受惠地區。　　根據統計，自民國七十九年以來，板橋在十年間共累積三萬七千零八十四戶餘屋，而新增家庭加戶數只一萬九千三百五十六戶，呈現供過於求，其餘屋量並次於汐止、中和，成為北縣第三大餘屋賣壓區。　　不過，在捷運板南線通車後，未來從新埔站到台北車站，僅須二十分鐘，可謂大幅縮短北縣市通勤距離，使選擇居住在板橋而通勤至北市的上班族愈來愈多，預計未來有三分之一買主將來自萬華區，三分之一則是板橋當地的換屋客。　　目前板橋房價仍屬低檔，例如新埔站預售屋每坪在十八萬至二十一萬元間，新成屋只十七萬至二十三萬元間，中古屋每坪只在十二萬至十五萬元間。至於江翠站附近，預售每坪在十九萬至二十四萬元間，新成屋在十七萬至二十四萬元間，中古屋在十二萬至十四萬元間，可謂都屬低價區，預計在萬板大橋通車後，再搭配捷運板南線兩大動脈助益，板橋將是三千二百億元優惠房貸專案最大受惠之區。
                
                


    
"
